country,MAE,MAPE,RMSE,R2,Model,Column 1
Arabia Saudyjska,208.19,32.38%,220.02,-15.79,arimax,ARIMAX & 208.19 & 32.38\% & 220.02 & -15.79 \\
Arabia Saudyjska,81.46,12.79%,87.20,-1.64,arimax_pca,ARIMAX_PCA & 81.46 & 12.79\% & 87.2 & -1.64 \\
Arabia Saudyjska,45.97,6.9%,57.73,-0.16,lightgbm,LIGHTGBM & 45.97 & 6.9\% & 57.73 & -0.16 \\
Arabia Saudyjska,25.20,3.94%,28.82,0.71,lstm,LSTM & 25.2 & 3.94\% & 28.82 & 0.71 \\
Arabia Saudyjska,59.05,9.48%,65.60,-0.49,arimax_pca + lstm,ARIMAX_PCA + LSTM & 59.05 & 9.48\% & 65.6 & -0.49 \\
Arabia Saudyjska,26.32,4.27%,33.63,0.61,arimax + lstm,ARIMAX + LSTM & 26.32 & 4.27\% & 33.63 & 0.61 \\
Arabia Saudyjska,42.04,6.36%,50.90,0.10,lightgbm + lstm,LIGHTGBM + LSTM & 42.04 & 6.36\% & 50.9 & 0.1 \\
Argentyna,46.37,12.65%,64.36,0.24,arimax,ARIMAX & 46.37 & 12.65\% & 64.36 & 0.24 \\
Argentyna,72.31,19.56%,93.22,-0.59,arimax_pca,ARIMAX_PCA & 72.31 & 19.56\% & 93.22 & -0.59 \\
Argentyna,50.28,14%,67.77,0.16,lightgbm,LIGHTGBM & 50.28 & 14.\% & 67.77 & 0.16 \\
Argentyna,55.37,15.49%,72.08,0.05,lstm,LSTM & 55.37 & 15.49\% & 72.08 & 0.05 \\
Argentyna,61.89,18.02%,76.16,-0.06,arimax_pca + lstm,ARIMAX_PCA + LSTM & 61.89 & 18.02\% & 76.16 & -0.06 \\
Argentyna,55.52,15.78%,71.88,0.06,arimax + lstm,ARIMAX + LSTM & 55.52 & 15.78\% & 71.88 & 0.06 \\
Argentyna,51.38,14.51%,68.99,0.13,lightgbm + lstm,LIGHTGBM + LSTM & 51.38 & 14.51\% & 68.99 & 0.13 \\
Australia,165.12,33.5%,175.17,-1.22,arimax,ARIMAX & 165.12 & 33.5\% & 175.17 & -1.22 \\
Australia,241.85,49.82%,269.05,-4.24,arimax_pca,ARIMAX_PCA & 241.85 & 49.82\% & 269.05 & -4.24 \\
Australia,68.75,10.86%,127.82,-0.18,lightgbm,LIGHTGBM & 68.75 & 10.86\% & 127.82 & -0.18 \\
Australia,78.17,13.58%,113.75,0.06,lstm,LSTM & 78.17 & 13.58\% & 113.75 & 0.06 \\
Australia,88.58,15.89%,117.96,-0.01,arimax_pca + lstm,ARIMAX_PCA + LSTM & 88.58 & 15.89\% & 117.96 & -0.01 \\
Australia,95.44,17.41%,119.77,-0.04,arimax + lstm,ARIMAX + LSTM & 95.44 & 17.41\% & 119.77 & -0.04 \\
Australia,72.56,12.12%,116.94,0.01,lightgbm + lstm,LIGHTGBM + LSTM & 72.56 & 12.12\% & 116.94 & 0.01 \\
Belgia,46.44,45.89%,51.03,-19.39,arimax,ARIMAX & 46.44 & 45.89\% & 51.03 & -19.39 \\
Belgia,42.90,42.48%,46.52,-15.94,arimax_pca,ARIMAX_PCA & 42.9 & 42.48\% & 46.52 & -15.94 \\
Belgia,3.95,3.74%,4.58,0.84,lightgbm,LIGHTGBM & 3.95 & 3.74\% & 4.58 & 0.84 \\
Belgia,13.35,13.06%,14.29,-0.60,lstm,LSTM & 13.35 & 13.06\% & 14.29 & -0.6 \\
Belgia,14.57,14.13%,15.27,-0.83,arimax_pca + lstm,ARIMAX_PCA + LSTM & 14.57 & 14.13\% & 15.27 & -0.83 \\
Belgia,14.59,14.25%,15.47,-0.87,arimax + lstm,ARIMAX + LSTM & 14.59 & 14.25\% & 15.47 & -0.87 \\
Belgia,2.91,2.89%,3.93,0.88,lightgbm + lstm,LIGHTGBM + LSTM & 2.91 & 2.89\% & 3.93 & 0.88 \\
Białoruś,9.45,15.12%,10.34,-13.34,arimax,ARIMAX & 9.45 & 15.12\% & 10.34 & -13.34 \\
Białoruś,11.71,19.14%,12.18,-18.92,arimax_pca,ARIMAX_PCA & 11.71 & 19.14\% & 12.18 & -18.92 \\
Białoruś,5.41,8.97%,6.17,-4.11,lightgbm,LIGHTGBM & 5.41 & 8.97\% & 6.17 & -4.11 \\
Białoruś,4.46,7.34%,4.93,-2.26,lstm,LSTM & 4.46 & 7.34\% & 4.93 & -2.26 \\
Białoruś,2.79,4.6%,3.49,-0.64,arimax_pca + lstm,ARIMAX_PCA + LSTM & 2.79 & 4.6\% & 3.49 & -0.64 \\
Białoruś,2.06,3.42%,2.82,-0.07,arimax + lstm,ARIMAX + LSTM & 2.06 & 3.42\% & 2.82 & -0.07 \\
Białoruś,2.51,4.17%,3.14,-0.32,lightgbm + lstm,LIGHTGBM + LSTM & 2.51 & 4.17\% & 3.14 & -0.32 \\
Brazylia,"2,267.64",134.29%,"2,491.30",-136.82,arimax,ARIMAX & 2267.64 & 134.29\% & 2491.3 & -136.82 \\
Brazylia,"2,101.40",125.55%,"2,249.07",-111.32,arimax_pca,ARIMAX_PCA & 2101.4 & 125.55\% & 2249.07 & -111.32 \\
Brazylia,155.17,8.57%,187.75,0.22,lightgbm,LIGHTGBM & 155.17 & 8.57\% & 187.75 & 0.22 \\
Brazylia,139.92,7.96%,167.84,0.37,lstm,LSTM & 139.92 & 7.96\% & 167.84 & 0.37 \\
Brazylia,141.91,7.98%,173.88,0.33,arimax_pca + lstm,ARIMAX_PCA + LSTM & 141.91 & 7.98\% & 173.88 & 0.33 \\
Brazylia,219.44,12.64%,246.31,-0.35,arimax + lstm,ARIMAX + LSTM & 219.44 & 12.64\% & 246.31 & -0.35 \\
Brazylia,146.64,8.13%,179.77,0.28,lightgbm + lstm,LIGHTGBM + LSTM & 146.64 & 8.13\% & 179.77 & 0.28 \\
Chile,16.64,16.38%,20.81,-4.84,arimax,ARIMAX & 16.64 & 16.38\% & 20.81 & -4.84 \\
Chile,7.86,7.92%,12.00,-0.94,arimax_pca,ARIMAX_PCA & 7.86 & 7.92\% & 12 & -0.94 \\
Chile,5.63,5.64%,7.15,0.31,lightgbm,LIGHTGBM & 5.63 & 5.64\% & 7.15 & 0.31 \\
Chile,15.04,14.8%,16.74,-2.78,lstm,LSTM & 15.04 & 14.8\% & 16.74 & -2.78 \\
Chile,8.88,8.77%,11.01,-0.63,arimax_pca + lstm,ARIMAX_PCA + LSTM & 8.88 & 8.77\% & 11.01 & -0.63 \\
Chile,8.77,8.67%,10.92,-0.61,arimax + lstm,ARIMAX + LSTM & 8.77 & 8.67\% & 10.92 & -0.61 \\
Chile,5.24,5.32%,7.25,0.29,lightgbm + lstm,LIGHTGBM + LSTM & 5.24 & 5.32\% & 7.25 & 0.29 \\
Chiny,"4,656.05",44.85%,"6,131.53",-42.80,arimax,ARIMAX & 4656.05 & 44.85\% & 6131.53 & -42.8 \\
Chiny,"1,500.32",14.63%,"1,817.47",-2.85,arimax_pca,ARIMAX_PCA & 1500.32 & 14.63\% & 1817.47 & -2.85 \\
Chiny,"1,285.25",13.58%,"1,457.95",-1.48,lightgbm,LIGHTGBM & 1285.25 & 13.58\% & 1457.95 & -1.48 \\
Chiny,177.90,1.8%,238.62,0.93,lstm,LSTM & 177.9 & 1.8\% & 238.62 & 0.93 \\
Chiny,839.87,8.73%,872.69,0.11,arimax_pca + lstm,ARIMAX_PCA + LSTM & 839.87 & 8.73\% & 872.69 & 0.11 \\
Chiny,894.67,9.05%,948.25,-0.05,arimax + lstm,ARIMAX + LSTM & 894.67 & 9.05\% & 948.25 & -0.05 \\
Chiny,"1,139.31",11.83%,"1,195.18",-0.66,lightgbm + lstm,LIGHTGBM + LSTM & 1139.31 & 11.83\% & 1195.18 & -0.66 \\
Czechy,8.33,9.26%,9.38,-0.76,arimax,ARIMAX & 8.33 & 9.26\% & 9.38 & -0.76 \\
Czechy,8.48,9.61%,10.52,-1.21,arimax_pca,ARIMAX_PCA & 8.48 & 9.61\% & 10.52 & -1.21 \\
Czechy,13.93,15.85%,17.67,-5.24,lightgbm,LIGHTGBM & 13.93 & 15.85\% & 17.67 & -5.24 \\
Czechy,10.37,11.47%,11.50,-1.65,lstm,LSTM & 10.37 & 11.47\% & 11.5 & -1.65 \\
Czechy,4.47,5.1%,6.34,0.20,arimax_pca + lstm,ARIMAX_PCA + LSTM & 4.47 & 5.1\% & 6.34 & 0.2 \\
Czechy,5.68,6.4%,7.38,-0.09,arimax + lstm,ARIMAX + LSTM & 5.68 & 6.4\% & 7.38 & -0.09 \\
Czechy,7.07,8.16%,9.84,-0.94,lightgbm + lstm,LIGHTGBM + LSTM & 7.07 & 8.16\% & 9.84 & -0.94 \\
Demokratyczna Republika Konga,161.55,22.09%,199.38,0.14,arimax,ARIMAX & 161.55 & 22.09\% & 199.38 & 0.14 \\
Demokratyczna Republika Konga,200.30,38.5%,230.14,-0.14,arimax_pca,ARIMAX_PCA & 200.3 & 38.5\% & 230.14 & -0.14 \\
Demokratyczna Republika Konga,106.19,16.61%,133.56,0.61,lightgbm,LIGHTGBM & 106.19 & 16.61\% & 133.56 & 0.61 \\
Demokratyczna Republika Konga,120.76,19.55%,159.24,0.45,lstm,LSTM & 120.76 & 19.55\% & 159.24 & 0.45 \\
Demokratyczna Republika Konga,122.41,18.26%,169.17,0.38,arimax_pca + lstm,ARIMAX_PCA + LSTM & 122.41 & 18.26\% & 169.17 & 0.38 \\
Demokratyczna Republika Konga,104.39,16.02%,142.92,0.56,arimax + lstm,ARIMAX + LSTM & 104.39 & 16.02\% & 142.92 & 0.56 \\
Demokratyczna Republika Konga,106.75,16.26%,143.58,0.55,lightgbm + lstm,LIGHTGBM + LSTM & 106.75 & 16.26\% & 143.58 & 0.55 \\
Egipt,139.85,57.71%,157.06,-44.86,arimax,ARIMAX & 139.85 & 57.71\% & 157.06 & -44.86 \\
Egipt,90.85,37.54%,102.65,-18.59,arimax_pca,ARIMAX_PCA & 90.85 & 37.54\% & 102.65 & -18.59 \\
Egipt,75.71,32.39%,79.29,-10.69,lightgbm,LIGHTGBM & 75.71 & 32.39\% & 79.29 & -10.69 \\
Egipt,93.25,40.07%,94.28,-15.53,lstm,LSTM & 93.25 & 40.07\% & 94.28 & -15.53 \\
Egipt,10.50,4.52%,12.00,0.73,arimax_pca + lstm,ARIMAX_PCA + LSTM & 10.5 & 4.52\% & 12 & 0.73 \\
Egipt,10.70,4.64%,12.52,0.71,arimax + lstm,ARIMAX + LSTM & 10.7 & 4.64\% & 12.52 & 0.71 \\
Egipt,49.46,21.29%,51.24,-3.88,lightgbm + lstm,LIGHTGBM + LSTM & 49.46 & 21.29\% & 51.24 & -3.88 \\
Filipiny,268.54,163.52%,314.95,-785.72,arimax,ARIMAX & 268.54 & 163.52\% & 314.95 & -785.72 \\
Filipiny,72.58,43.26%,74.73,-43.29,arimax_pca,ARIMAX_PCA & 72.58 & 43.26\% & 74.73 & -43.29 \\
Filipiny,17.92,11.01%,21.56,-2.69,lightgbm,LIGHTGBM & 17.92 & 11.01\% & 21.56 & -2.69 \\
Filipiny,96.05,58.23%,98.55,-76.03,lstm,LSTM & 96.05 & 58.23\% & 98.55 & -76.03 \\
Filipiny,19.90,11.87%,24.49,-3.76,arimax_pca + lstm,ARIMAX_PCA + LSTM & 19.9 & 11.87\% & 24.49 & -3.76 \\
Filipiny,28.28,16.89%,38.13,-10.53,arimax + lstm,ARIMAX + LSTM & 28.28 & 16.89\% & 38.13 & -10.53 \\
Filipiny,27.20,16.78%,32.07,-7.16,lightgbm + lstm,LIGHTGBM + LSTM & 27.2 & 16.78\% & 32.07 & -7.16 \\
Francja,102.84,34.52%,115.90,-7.46,arimax,ARIMAX & 102.84 & 34.52\% & 115.9 & -7.46 \\
Francja,75.84,25.48%,85.38,-3.59,arimax_pca,ARIMAX_PCA & 75.84 & 25.48\% & 85.38 & -3.59 \\
Francja,96.74,32.54%,109.98,-6.62,lightgbm,LIGHTGBM & 96.74 & 32.54\% & 109.98 & -6.62 \\
Francja,81.13,26.09%,83.22,-3.36,lstm,LSTM & 81.13 & 26.09\% & 83.22 & -3.36 \\
Francja,37.30,12.16%,41.20,-0.07,arimax_pca + lstm,ARIMAX_PCA + LSTM & 37.3 & 12.16\% & 41.2 & -0.07 \\
Francja,23.14,7.76%,28.33,0.49,arimax + lstm,ARIMAX + LSTM & 23.14 & 7.76\% & 28.33 & 0.49 \\
Francja,42.01,14.38%,51.20,-0.65,lightgbm + lstm,LIGHTGBM + LSTM & 42.01 & 14.38\% & 51.2 & -0.65 \\
Hiszpania,182.01,76.44%,204.92,-21.79,arimax,ARIMAX & 182.01 & 76.44\% & 204.92 & -21.79 \\
Hiszpania,143.98,60.47%,161.58,-13.17,arimax_pca,ARIMAX_PCA & 143.98 & 60.47\% & 161.58 & -13.17 \\
Hiszpania,60.60,25.99%,74.08,-1.98,lightgbm,LIGHTGBM & 60.6 & 25.99\% & 74.08 & -1.98 \\
Hiszpania,46.19,18.72%,50.70,-0.39,lstm,LSTM & 46.19 & 18.72\% & 50.7 & -0.39 \\
Hiszpania,18.24,7.25%,23.11,0.71,arimax_pca + lstm,ARIMAX_PCA + LSTM & 18.24 & 7.25\% & 23.11 & 0.71 \\
Hiszpania,17.25,6.83%,21.21,0.76,arimax + lstm,ARIMAX + LSTM & 17.25 & 6.83\% & 21.21 & 0.76 \\
Hiszpania,26.08,10.69%,31.64,0.46,lightgbm + lstm,LIGHTGBM + LSTM & 26.08 & 10.69\% & 31.64 & 0.46 \\
Holandia,85.26,53.9%,107.62,-40.13,arimax,ARIMAX & 85.26 & 53.9\% & 107.62 & -40.13 \\
Holandia,96.60,61.04%,121.44,-51.38,arimax_pca,ARIMAX_PCA & 96.6 & 61.04\% & 121.44 & -51.38 \\
Holandia,18.66,10.99%,20.69,-0.52,lightgbm,LIGHTGBM & 18.66 & 10.99\% & 20.69 & -0.52 \\
Holandia,12.36,7.88%,15.54,0.14,lstm,LSTM & 12.36 & 7.88\% & 15.54 & 0.14 \\
Holandia,7.73,4.85%,9.79,0.66,arimax_pca + lstm,ARIMAX_PCA + LSTM & 7.73 & 4.85\% & 9.79 & 0.66 \\
Holandia,9.04,5.73%,11.69,0.52,arimax + lstm,ARIMAX + LSTM & 9.04 & 5.73\% & 11.69 & 0.52 \\
Holandia,19.33,11.13%,20.73,-0.53,lightgbm + lstm,LIGHTGBM + LSTM & 19.33 & 11.13\% & 20.73 & -0.53 \\
Indie,"2,566.80",106.4%,"3,351.46",-40.70,arimax,ARIMAX & 2566.8 & 106.4\% & 3351.46 & -40.7 \\
Indie,"2,632.24",109.95%,"3,352.24",-40.72,arimax_pca,ARIMAX_PCA & 2632.24 & 109.95\% & 3352.24 & -40.72 \\
Indie,351.25,16.27%,425.94,0.33,lightgbm,LIGHTGBM & 351.25 & 16.27\% & 425.94 & 0.33 \\
Indie,"1,295.57",66.08%,"1,302.08",-5.29,lstm,LSTM & 1295.57 & 66.08\% & 1302.08 & -5.29 \\
Indie,591.29,29.94%,600.99,-0.34,arimax_pca + lstm,ARIMAX_PCA + LSTM & 591.29 & 29.94\% & 600.99 & -0.34 \\
Indie,821.58,40.6%,838.71,-1.61,arimax + lstm,ARIMAX + LSTM & 821.58 & 40.6\% & 838.71 & -1.61 \\
Indie,240.59,11.52%,311.41,0.64,lightgbm + lstm,LIGHTGBM + LSTM & 240.59 & 11.52\% & 311.41 & 0.64 \\
Indonezja,"2,351.24",180.94%,"2,799.21",-55.71,arimax,ARIMAX & 2351.24 & 180.94\% & 2799.21 & -55.71 \\
Indonezja,"1,703.75",128.14%,"2,063.10",-29.80,arimax_pca,ARIMAX_PCA & 1703.75 & 128.14\% & 2063.1 & -29.8 \\
Indonezja,322.51,23.16%,524.86,-0.99,lightgbm,LIGHTGBM & 322.51 & 23.16\% & 524.86 & -0.99 \\
Indonezja,343.24,26.41%,476.40,-0.64,lstm,LSTM & 343.24 & 26.41\% & 476.4 & -0.64 \\
Indonezja,327.52,21.96%,484.02,-0.70,arimax_pca + lstm,ARIMAX_PCA + LSTM & 327.52 & 21.96\% & 484.02 & -0.7 \\
Indonezja,401.06,27.18%,550.47,-1.19,arimax + lstm,ARIMAX + LSTM & 401.06 & 27.18\% & 550.47 & -1.19 \\
Indonezja,303.78,21.33%,474.69,-0.63,lightgbm + lstm,LIGHTGBM + LSTM & 303.78 & 21.33\% & 474.69 & -0.63 \\
Iran,89.40,12.76%,108.79,-0.15,arimax,ARIMAX & 89.4 & 12.76\% & 108.79 & -0.15 \\
Iran,93.91,14.74%,116.39,-0.31,arimax_pca,ARIMAX_PCA & 93.91 & 14.74\% & 116.39 & -0.31 \\
Iran,80.49,12.14%,96.44,0.10,lightgbm,LIGHTGBM & 80.49 & 12.14\% & 96.44 & 0.1 \\
Iran,43.13,7.15%,46.43,0.79,lstm,LSTM & 43.13 & 7.15\% & 46.43 & 0.79 \\
Iran,47.41,7.12%,52.96,0.73,arimax_pca + lstm,ARIMAX_PCA + LSTM & 47.41 & 7.12\% & 52.96 & 0.73 \\
Iran,80.58,12.31%,84.17,0.31,arimax + lstm,ARIMAX + LSTM & 80.58 & 12.31\% & 84.17 & 0.31 \\
Iran,26.34,4.12%,28.91,0.92,lightgbm + lstm,LIGHTGBM + LSTM & 26.34 & 4.12\% & 28.91 & 0.92 \\
Japonia,74.11,6.4%,90.75,-0.15,arimax,ARIMAX & 74.11 & 6.4\% & 90.75 & -0.15 \\
Japonia,102.80,8.86%,129.41,-1.33,arimax_pca,ARIMAX_PCA & 102.8 & 8.86\% & 129.41 & -1.33 \\
Japonia,59.51,5.19%,74.43,0.23,lightgbm,LIGHTGBM & 59.51 & 5.19\% & 74.43 & 0.23 \\
Japonia,73.84,6.38%,85.68,-0.02,lstm,LSTM & 73.84 & 6.38\% & 85.68 & -0.02 \\
Japonia,46.93,3.82%,59.95,0.50,arimax_pca + lstm,ARIMAX_PCA + LSTM & 46.93 & 3.82\% & 59.95 & 0.5 \\
Japonia,66.23,5.4%,78.82,0.13,arimax + lstm,ARIMAX + LSTM & 66.23 & 5.4\% & 78.82 & 0.13 \\
Japonia,89.28,7.21%,101.99,-0.45,lightgbm + lstm,LIGHTGBM + LSTM & 89.28 & 7.21\% & 101.99 & -0.45 \\
Kanada,283.32,42.07%,309.00,-40.16,arimax,ARIMAX & 283.32 & 42.07\% & 309 & -40.16 \\
Kanada,359.55,53.39%,391.75,-65.16,arimax_pca,ARIMAX_PCA & 359.55 & 53.39\% & 391.75 & -65.16 \\
Kanada,37.44,5.64%,47.40,0.03,lightgbm,LIGHTGBM & 37.44 & 5.64\% & 47.4 & 0.03 \\
Kanada,31.64,4.7%,38.53,0.36,lstm,LSTM & 31.64 & 4.7\% & 38.53 & 0.36 \\
Kanada,25.92,3.77%,32.37,0.55,arimax_pca + lstm,ARIMAX_PCA + LSTM & 25.92 & 3.77\% & 32.37 & 0.55 \\
Kanada,25.53,3.76%,32.20,0.55,arimax + lstm,ARIMAX + LSTM & 25.53 & 3.76\% & 32.2 & 0.55 \\
Kanada,27.97,3.98%,34.47,0.49,lightgbm + lstm,LIGHTGBM + LSTM & 27.97 & 3.98\% & 34.47 & 0.49 \\
Kazachstan,94.75,36.54%,102.26,-47.46,arimax,ARIMAX & 94.75 & 36.54\% & 102.26 & -47.46 \\
Kazachstan,43.83,17.11%,52.99,-12.01,arimax_pca,ARIMAX_PCA & 43.83 & 17.11\% & 52.99 & -12.01 \\
Kazachstan,17.85,6.89%,21.38,-1.12,lightgbm,LIGHTGBM & 17.85 & 6.89\% & 21.38 & -1.12 \\
Kazachstan,15.57,5.99%,18.53,-0.59,lstm,LSTM & 15.57 & 5.99\% & 18.53 & -0.59 \\
Kazachstan,20.97,7.75%,25.20,-1.94,arimax_pca + lstm,ARIMAX_PCA + LSTM & 20.97 & 7.75\% & 25.2 & -1.94 \\
Kazachstan,14.67,5.41%,18.05,-0.51,arimax + lstm,ARIMAX + LSTM & 14.67 & 5.41\% & 18.05 & -0.51 \\
Kazachstan,16.29,5.98%,20.69,-0.98,lightgbm + lstm,LIGHTGBM + LSTM & 16.29 & 5.98\% & 20.69 & -0.98 \\
Kolumbia,389.66,301.62%,447.96,-40.18,arimax,ARIMAX & 389.66 & 301.62\% & 447.96 & -40.18 \\
Kolumbia,327.05,251.14%,369.59,-27.03,arimax_pca,ARIMAX_PCA & 327.05 & 251.14\% & 369.59 & -27.03 \\
Kolumbia,69.88,55.99%,80.46,-0.33,lightgbm,LIGHTGBM & 69.88 & 55.99\% & 80.46 & -0.33 \\
Kolumbia,89.16,81.83%,96.39,-0.91,lstm,LSTM & 89.16 & 81.83\% & 96.39 & -0.91 \\
Kolumbia,49.29,32.59%,75.32,-0.16,arimax_pca + lstm,ARIMAX_PCA + LSTM & 49.29 & 32.59\% & 75.32 & -0.16 \\
Kolumbia,55.60,36.95%,84.07,-0.45,arimax + lstm,ARIMAX + LSTM & 55.6 & 36.95\% & 84.07 & -0.45 \\
Kolumbia,65.03,53.04%,74.83,-0.15,lightgbm + lstm,LIGHTGBM + LSTM & 65.03 & 53.04\% & 74.83 & -0.15 \\
Korea Południowa,75.70,12.97%,100.60,-1.18,arimax,ARIMAX & 75.7 & 12.97\% & 100.6 & -1.18 \\
Korea Południowa,59.39,9.99%,85.29,-0.57,arimax_pca,ARIMAX_PCA & 59.39 & 9.99\% & 85.29 & -0.57 \\
Korea Południowa,90.02,16.41%,99.38,-1.13,lightgbm,LIGHTGBM & 90.02 & 16.41\% & 99.38 & -1.13 \\
Korea Południowa,15.12,2.65%,20.41,0.91,lstm,LSTM & 15.12 & 2.65\% & 20.41 & 0.91 \\
Korea Południowa,58.46,10.53%,62.17,0.17,arimax_pca + lstm,ARIMAX_PCA + LSTM & 58.46 & 10.53\% & 62.17 & 0.17 \\
Korea Południowa,73.31,13.16%,76.49,-0.26,arimax + lstm,ARIMAX + LSTM & 73.31 & 13.16\% & 76.49 & -0.26 \\
Korea Południowa,107.41,19.24%,110.73,-1.64,lightgbm + lstm,LIGHTGBM + LSTM & 107.41 & 19.24\% & 110.73 & -1.64 \\
Malezja,151.08,44.76%,191.69,-5.57,arimax,ARIMAX & 151.08 & 44.76\% & 191.69 & -5.57 \\
Malezja,54.08,16.36%,68.10,0.17,arimax_pca,ARIMAX_PCA & 54.08 & 16.36\% & 68.1 & 0.17 \\
Malezja,29.65,7.96%,48.31,0.58,lightgbm,LIGHTGBM & 29.65 & 7.96\% & 48.31 & 0.58 \\
Malezja,30.84,8.91%,42.32,0.68,lstm,LSTM & 30.84 & 8.91\% & 42.32 & 0.68 \\
Malezja,37.81,10.75%,50.02,0.55,arimax_pca + lstm,ARIMAX_PCA + LSTM & 37.81 & 10.75\% & 50.02 & 0.55 \\
Malezja,42.88,12.11%,54.82,0.46,arimax + lstm,ARIMAX + LSTM & 42.88 & 12.11\% & 54.82 & 0.46 \\
Malezja,33.60,9.29%,49.20,0.57,lightgbm + lstm,LIGHTGBM + LSTM & 33.6 & 9.29\% & 49.2 & 0.57 \\
Meksyk,62.04,13.19%,80.86,-3.32,arimax,ARIMAX & 62.04 & 13.19\% & 80.86 & -3.32 \\
Meksyk,67.31,14.6%,86.89,-3.99,arimax_pca,ARIMAX_PCA & 67.31 & 14.6\% & 86.89 & -3.99 \\
Meksyk,105.14,22.21%,114.61,-7.69,lightgbm,LIGHTGBM & 105.14 & 22.21\% & 114.61 & -7.69 \\
Meksyk,184.51,38.37%,187.77,-22.32,lstm,LSTM & 184.51 & 38.37\% & 187.77 & -22.32 \\
Meksyk,34.23,6.82%,43.35,-0.24,arimax_pca + lstm,ARIMAX_PCA + LSTM & 34.23 & 6.82\% & 43.35 & -0.24 \\
Meksyk,65.14,13.14%,70.88,-2.32,arimax + lstm,ARIMAX + LSTM & 65.14 & 13.14\% & 70.88 & -2.32 \\
Meksyk,61.16,12.99%,69.11,-2.16,lightgbm + lstm,LIGHTGBM + LSTM & 61.16 & 12.99\% & 69.11 & -2.16 \\
Mjanma (Birma),176.15,156.42%,206.19,-96.30,arimax,ARIMAX & 176.15 & 156.42\% & 206.19 & -96.3 \\
Mjanma (Birma),173.89,168.34%,257.32,-150.53,arimax_pca,ARIMAX_PCA & 173.89 & 168.34\% & 257.32 & -150.53 \\
Mjanma (Birma),30.77,27.04%,32.67,-1.44,lightgbm,LIGHTGBM & 30.77 & 27.04\% & 32.67 & -1.44 \\
Mjanma (Birma),85.87,73.75%,86.15,-15.98,lstm,LSTM & 85.87 & 73.75\% & 86.15 & -15.98 \\
Mjanma (Birma),20.98,17.98%,22.09,-0.12,arimax_pca + lstm,ARIMAX_PCA + LSTM & 20.98 & 17.98\% & 22.09 & -0.12 \\
Mjanma (Birma),33.42,28.44%,35.75,-1.92,arimax + lstm,ARIMAX + LSTM & 33.42 & 28.44\% & 35.75 & -1.92 \\
Mjanma (Birma),36.17,31.28%,36.87,-2.11,lightgbm + lstm,LIGHTGBM + LSTM & 36.17 & 31.28\% & 36.87 & -2.11 \\
Niemcy,174.23,23.22%,192.68,-5.28,arimax,ARIMAX & 174.23 & 23.22\% & 192.68 & -5.28 \\
Niemcy,57.45,7.44%,68.74,0.20,arimax_pca,ARIMAX_PCA & 57.45 & 7.44\% & 68.74 & 0.2 \\
Niemcy,66.15,9.59%,92.12,-0.44,lightgbm,LIGHTGBM & 66.15 & 9.59\% & 92.12 & -0.44 \\
Niemcy,118.42,16.04%,124.04,-1.60,lstm,LSTM & 118.42 & 16.04\% & 124.04 & -1.6 \\
Niemcy,40.14,5.2%,45.02,0.66,arimax_pca + lstm,ARIMAX_PCA + LSTM & 40.14 & 5.2\% & 45.02 & 0.66 \\
Niemcy,50.51,6.45%,57.73,0.44,arimax + lstm,ARIMAX + LSTM & 50.51 & 6.45\% & 57.73 & 0.44 \\
Niemcy,44.64,5.87%,52.65,0.53,lightgbm + lstm,LIGHTGBM + LSTM & 44.64 & 5.87\% & 52.65 & 0.53 \\
Nigeria,73.47,52.19%,79.18,-46.62,arimax,ARIMAX & 73.47 & 52.19\% & 79.18 & -46.62 \\
Nigeria,89.67,64.43%,107.06,-86.05,arimax_pca,ARIMAX_PCA & 89.67 & 64.43\% & 107.06 & -86.05 \\
Nigeria,123.79,87.5%,127.42,-122.31,lightgbm,LIGHTGBM & 123.79 & 87.5\% & 127.42 & -122.31 \\
Nigeria,372.73,262.34%,375.33,"-1,068.94",lstm,LSTM & 372.73 & 262.34\% & 375.33 & -1068.94 \\
Nigeria,82.32,57.19%,83.79,-52.32,arimax_pca + lstm,ARIMAX_PCA + LSTM & 82.32 & 57.19\% & 83.79 & -52.32 \\
Nigeria,132.68,92.49%,134.15,-135.68,arimax + lstm,ARIMAX + LSTM & 132.68 & 92.49\% & 134.15 & -135.68 \\
Nigeria,151.91,107.22%,154.06,-179.26,lightgbm + lstm,LIGHTGBM + LSTM & 151.91 & 107.22\% & 154.06 & -179.26 \\
Pakistan,218.10,102.26%,285.23,-74.55,arimax,ARIMAX & 218.1 & 102.26\% & 285.23 & -74.55 \\
Pakistan,61.01,30.24%,83.28,-5.44,arimax_pca,ARIMAX_PCA & 61.01 & 30.24\% & 83.28 & -5.44 \\
Pakistan,28.89,15.77%,36.29,-0.22,lightgbm,LIGHTGBM & 28.89 & 15.77\% & 36.29 & -0.22 \\
Pakistan,427.21,221.48%,428.96,-169.89,lstm,LSTM & 427.21 & 221.48\% & 428.96 & -169.89 \\
Pakistan,108.82,56.05%,110.29,-10.30,arimax_pca + lstm,ARIMAX_PCA + LSTM & 108.82 & 56.05\% & 110.29 & -10.3 \\
Pakistan,154.09,80.37%,155.28,-21.39,arimax + lstm,ARIMAX + LSTM & 154.09 & 80.37\% & 155.28 & -21.39 \\
Pakistan,110.01,57.69%,112.29,-10.71,lightgbm + lstm,LIGHTGBM + LSTM & 110.01 & 57.69\% & 112.29 & -10.71 \\
Peru,47.44,69.41%,56.18,-4.89,arimax,ARIMAX & 47.44 & 69.41\% & 56.18 & -4.89 \\
Peru,54.26,81.81%,65.60,-7.03,arimax_pca,ARIMAX_PCA & 54.26 & 81.81\% & 65.6 & -7.03 \\
Peru,27.46,38.51%,30.68,-0.76,lightgbm,LIGHTGBM & 27.46 & 38.51\% & 30.68 & -0.76 \\
Peru,61.48,82.36%,62.17,-6.21,lstm,LSTM & 61.48 & 82.36\% & 62.17 & -6.21 \\
Peru,11.84,15.17%,13.29,0.67,arimax_pca + lstm,ARIMAX_PCA + LSTM & 11.84 & 15.17\% & 13.29 & 0.67 \\
Peru,15.41,19.66%,17.20,0.45,arimax + lstm,ARIMAX + LSTM & 15.41 & 19.66\% & 17.2 & 0.45 \\
Peru,25.19,34.41%,26.93,-0.35,lightgbm + lstm,LIGHTGBM + LSTM & 25.19 & 34.41\% & 26.93 & -0.35 \\
Polska,47.01,17.01%,50.92,-11.69,arimax,ARIMAX & 47.01 & 17.01\% & 50.92 & -11.69 \\
Polska,30.66,11.21%,34.29,-4.76,arimax_pca,ARIMAX_PCA & 30.66 & 11.21\% & 34.29 & -4.76 \\
Polska,93.71,33.55%,102.32,-50.26,lightgbm,LIGHTGBM & 93.71 & 33.55\% & 102.32 & -50.26 \\
Polska,56.73,20.5%,59.53,-16.35,lstm,LSTM & 56.73 & 20.5\% & 59.53 & -16.35 \\
Polska,35.49,12.4%,39.77,-6.74,arimax_pca + lstm,ARIMAX_PCA + LSTM & 35.49 & 12.4\% & 39.77 & -6.74 \\
Polska,31.25,10.91%,35.88,-5.30,arimax + lstm,ARIMAX + LSTM & 31.25 & 10.91\% & 35.88 & -5.3 \\
Polska,31.63,11.42%,36.58,-5.55,lightgbm + lstm,LIGHTGBM + LSTM & 31.63 & 11.42\% & 36.58 & -5.55 \\
Republika Południowej Afryki,120.42,27.53%,132.42,-24.84,arimax,ARIMAX & 120.42 & 27.53\% & 132.42 & -24.84 \\
Republika Południowej Afryki,108.32,24.76%,118.58,-19.72,arimax_pca,ARIMAX_PCA & 108.32 & 24.76\% & 118.58 & -19.72 \\
Republika Południowej Afryki,49.31,11.33%,59.53,-4.22,lightgbm,LIGHTGBM & 49.31 & 11.33\% & 59.53 & -4.22 \\
Republika Południowej Afryki,90.21,20.28%,91.83,-11.43,lstm,LSTM & 90.21 & 20.28\% & 91.83 & -11.43 \\
Republika Południowej Afryki,52.53,11.67%,54.31,-3.35,arimax_pca + lstm,ARIMAX_PCA + LSTM & 52.53 & 11.67\% & 54.31 & -3.35 \\
Republika Południowej Afryki,36.66,8.13%,39.26,-1.27,arimax + lstm,ARIMAX + LSTM & 36.66 & 8.13\% & 39.26 & -1.27 \\
Republika Południowej Afryki,21.04,4.85%,26.89,-0.07,lightgbm + lstm,LIGHTGBM + LSTM & 21.04 & 4.85\% & 26.89 & -0.07 \\
Rosja,123.75,6.18%,152.76,-0.09,arimax,ARIMAX & 123.75 & 6.18\% & 152.76 & -0.09 \\
Rosja,268.57,13.03%,318.44,-3.76,arimax_pca,ARIMAX_PCA & 268.57 & 13.03\% & 318.44 & -3.76 \\
Rosja,182.39,9.3%,210.81,-1.08,lightgbm,LIGHTGBM & 182.39 & 9.3\% & 210.81 & -1.08 \\
Rosja,161.32,8.52%,199.13,-0.86,lstm,LSTM & 161.32 & 8.52\% & 199.13 & -0.86 \\
Rosja,226.98,11.13%,267.22,-2.35,arimax_pca + lstm,ARIMAX_PCA + LSTM & 226.98 & 11.13\% & 267.22 & -2.35 \\
Rosja,235.18,11.52%,277.50,-2.61,arimax + lstm,ARIMAX + LSTM & 235.18 & 11.52\% & 277.5 & -2.61 \\
Rosja,166.86,8.27%,206.39,-1.00,lightgbm + lstm,LIGHTGBM + LSTM & 166.86 & 8.27\% & 206.39 & -1 \\
Rumunia,27.46,40.82%,33.68,-4.19,arimax,ARIMAX & 27.46 & 40.82\% & 33.68 & -4.19 \\
Rumunia,18.78,27.82%,22.60,-1.34,arimax_pca,ARIMAX_PCA & 18.78 & 27.82\% & 22.6 & -1.34 \\
Rumunia,26.79,38.09%,28.98,-2.85,lightgbm,LIGHTGBM & 26.79 & 38.09\% & 28.98 & -2.85 \\
Rumunia,42.34,56.92%,42.98,-7.46,lstm,LSTM & 42.34 & 56.92\% & 42.98 & -7.46 \\
Rumunia,12.87,15.86%,15.11,-0.04,arimax_pca + lstm,ARIMAX_PCA + LSTM & 12.87 & 15.86\% & 15.11 & -0.04 \\
Rumunia,15.24,18.92%,17.01,-0.32,arimax + lstm,ARIMAX + LSTM & 15.24 & 18.92\% & 17.01 & -0.32 \\
Rumunia,12.44,17.65%,13.75,0.13,lightgbm + lstm,LIGHTGBM + LSTM & 12.44 & 17.65\% & 13.75 & 0.13 \\
Stany Zjednoczone,"2,039.63",37.82%,"2,701.36",-60.32,arimax,ARIMAX & 2039.63 & 37.82\% & 2701.36 & -60.32 \\
Stany Zjednoczone,"1,040.43",19.35%,"1,374.49",-14.87,arimax_pca,ARIMAX_PCA & 1040.43 & 19.35\% & 1374.49 & -14.87 \\
Stany Zjednoczone,458.56,8.59%,630.02,-2.34,lightgbm,LIGHTGBM & 458.56 & 8.59\% & 630.02 & -2.34 \\
Stany Zjednoczone,312.38,5.78%,384.18,-0.24,lstm,LSTM & 312.38 & 5.78\% & 384.18 & -0.24 \\
Stany Zjednoczone,337.26,6.01%,359.34,-0.09,arimax_pca + lstm,ARIMAX_PCA + LSTM & 337.26 & 6.01\% & 359.34 & -0.09 \\
Stany Zjednoczone,230.63,4.12%,268.78,0.39,arimax + lstm,ARIMAX + LSTM & 230.63 & 4.12\% & 268.78 & 0.39 \\
Stany Zjednoczone,292.98,5.15%,341.80,0.02,lightgbm + lstm,LIGHTGBM + LSTM & 292.98 & 5.15\% & 341.8 & 0.02 \\
Szwecja,8.90,17.15%,11.39,-5.27,arimax,ARIMAX & 8.9 & 17.15\% & 11.39 & -5.27 \\
Szwecja,8.04,16.01%,9.00,-2.92,arimax_pca,ARIMAX_PCA & 8.04 & 16.01\% & 9 & -2.92 \\
Szwecja,11.28,24.15%,13.32,-7.57,lightgbm,LIGHTGBM & 11.28 & 24.15\% & 13.32 & -7.57 \\
Szwecja,17.76,36.52%,17.95,-14.57,lstm,LSTM & 17.76 & 36.52\% & 17.95 & -14.57 \\
Szwecja,6.76,13.65%,7.16,-1.48,arimax_pca + lstm,ARIMAX_PCA + LSTM & 6.76 & 13.65\% & 7.16 & -1.48 \\
Szwecja,9.68,19.62%,10.03,-3.87,arimax + lstm,ARIMAX + LSTM & 9.68 & 19.62\% & 10.03 & -3.87 \\
Szwecja,2.82,5.63%,3.56,0.39,lightgbm + lstm,LIGHTGBM + LSTM & 2.82 & 5.63\% & 3.56 & 0.39 \\
Tajlandia,279.75,87.02%,316.46,-734.18,arimax,ARIMAX & 279.75 & 87.02\% & 316.46 & -734.18 \\
Tajlandia,19.51,6.09%,22.74,-2.80,arimax_pca,ARIMAX_PCA & 19.51 & 6.09\% & 22.74 & -2.8 \\
Tajlandia,37.08,11.63%,41.74,-11.79,lightgbm,LIGHTGBM & 37.08 & 11.63\% & 41.74 & -11.79 \\
Tajlandia,144.39,44.68%,144.90,-153.13,lstm,LSTM & 144.39 & 44.68\% & 144.9 & -153.13 \\
Tajlandia,63.31,19.47%,64.12,-29.19,arimax_pca + lstm,ARIMAX_PCA + LSTM & 63.31 & 19.47\% & 64.12 & -29.19 \\
Tajlandia,61.92,19.02%,63.05,-28.18,arimax + lstm,ARIMAX + LSTM & 61.92 & 19.02\% & 63.05 & -28.18 \\
Tajlandia,14.37,4.48%,16.72,-1.05,lightgbm + lstm,LIGHTGBM + LSTM & 14.37 & 4.48\% & 16.72 & -1.05 \\
Tanzania,182.80,240%,222.64,-40.21,arimax,ARIMAX & 182.8 & 240\% & 222.64 & -40.21 \\
Tanzania,80.38,116.45%,115.93,-10.17,arimax_pca,ARIMAX_PCA & 80.38 & 116.45\% & 115.93 & -10.17 \\
Tanzania,30.65,32.23%,33.38,0.07,lightgbm,LIGHTGBM & 30.65 & 32.23\% & 33.38 & 0.07 \\
Tanzania,125.02,143.4%,127.94,-12.61,lstm,LSTM & 125.02 & 143.4\% & 127.94 & -12.61 \\
Tanzania,42.72,46.23%,44.72,-0.66,arimax_pca + lstm,ARIMAX_PCA + LSTM & 42.72 & 46.23\% & 44.72 & -0.66 \\
Tanzania,46.37,48.61%,48.17,-0.93,arimax + lstm,ARIMAX + LSTM & 46.37 & 48.61\% & 48.17 & -0.93 \\
Tanzania,36.50,40.59%,37.95,-0.20,lightgbm + lstm,LIGHTGBM + LSTM & 36.5 & 40.59\% & 37.95 & -0.2 \\
Turcja,275.98,79.1%,306.09,-27.98,arimax,ARIMAX & 275.98 & 79.1\% & 306.09 & -27.98 \\
Turcja,190.92,56.46%,201.77,-11.59,arimax_pca,ARIMAX_PCA & 190.92 & 56.46\% & 201.77 & -11.59 \\
Turcja,125.49,37.69%,130.13,-4.24,lightgbm,LIGHTGBM & 125.49 & 37.69\% & 130.13 & -4.24 \\
Turcja,163.09,50.17%,164.49,-7.37,lstm,LSTM & 163.09 & 50.17\% & 164.49 & -7.37 \\
Turcja,82.75,25.06%,85.15,-1.24,arimax_pca + lstm,ARIMAX_PCA + LSTM & 82.75 & 25.06\% & 85.15 & -1.24 \\
Turcja,76.87,23.49%,79.22,-0.94,arimax + lstm,ARIMAX + LSTM & 76.87 & 23.49\% & 79.22 & -0.94 \\
Turcja,30.46,9.68%,34.93,0.62,lightgbm + lstm,LIGHTGBM + LSTM & 30.46 & 9.68\% & 34.93 & 0.62 \\
Ukraina,16.16,7.88%,20.15,0.61,arimax,ARIMAX & 16.16 & 7.88\% & 20.15 & 0.61 \\
Ukraina,19.84,9.18%,24.51,0.42,arimax_pca,ARIMAX_PCA & 19.84 & 9.18\% & 24.51 & 0.42 \\
Ukraina,106.52,51.41%,110.35,-10.73,lightgbm,LIGHTGBM & 106.52 & 51.41\% & 110.35 & -10.73 \\
Ukraina,117.44,54.97%,118.67,-12.57,lstm,LSTM & 117.44 & 54.97\% & 118.67 & -12.57 \\
Ukraina,38.86,17.07%,42.89,-0.77,arimax_pca + lstm,ARIMAX_PCA + LSTM & 38.86 & 17.07\% & 42.89 & -0.77 \\
Ukraina,41.77,18.27%,45.85,-1.03,arimax + lstm,ARIMAX + LSTM & 41.77 & 18.27\% & 45.85 & -1.03 \\
Ukraina,52.23,25.79%,56.17,-2.04,lightgbm + lstm,LIGHTGBM + LSTM & 52.23 & 25.79\% & 56.17 & -2.04 \\
Wenezuela,48.60,38.99%,61.31,-2.33,arimax,ARIMAX & 48.6 & 38.99\% & 61.31 & -2.33 \\
Wenezuela,134.05,108.1%,160.51,-21.79,arimax_pca,ARIMAX_PCA & 134.05 & 108.1\% & 160.51 & -21.79 \\
Wenezuela,28.56,21.32%,31.96,0.10,lightgbm,LIGHTGBM & 28.56 & 21.32\% & 31.96 & 0.1 \\
Wenezuela,61.92,44.05%,64.31,-2.66,lstm,LSTM & 61.92 & 44.05\% & 64.31 & -2.66 \\
Wenezuela,26.29,17.11%,30.60,0.17,arimax_pca + lstm,ARIMAX_PCA + LSTM & 26.29 & 17.11\% & 30.6 & 0.17 \\
Wenezuela,38.11,24.96%,41.06,-0.49,arimax + lstm,ARIMAX + LSTM & 38.11 & 24.96\% & 41.06 & -0.49 \\
Wenezuela,18.34,13.34%,21.23,0.60,lightgbm + lstm,LIGHTGBM + LSTM & 18.34 & 13.34\% & 21.23 & 0.6 \\
Wielka Brytania,202.42,52.6%,243.92,-6.30,arimax,ARIMAX & 202.42 & 52.6\% & 243.92 & -6.3 \\
Wielka Brytania,213.05,54.91%,251.69,-6.77,arimax_pca,ARIMAX_PCA & 213.05 & 54.91\% & 251.69 & -6.77 \\
Wielka Brytania,74.17,19.73%,97.17,-0.16,lightgbm,LIGHTGBM & 74.17 & 19.73\% & 97.17 & -0.16 \\
Wielka Brytania,161.65,37.97%,164.19,-2.31,lstm,LSTM & 161.65 & 37.97\% & 164.19 & -2.31 \\
Wielka Brytania,61.44,13.64%,65.56,0.47,arimax_pca + lstm,ARIMAX_PCA + LSTM & 61.44 & 13.64\% & 65.56 & 0.47 \\
Wielka Brytania,65.83,14.4%,71.12,0.38,arimax + lstm,ARIMAX + LSTM & 65.83 & 14.4\% & 71.12 & 0.38 \\
Wielka Brytania,40.25,8.4%,49.10,0.70,lightgbm + lstm,LIGHTGBM + LSTM & 40.25 & 8.4\% & 49.1 & 0.7 \\
Wietnam,620.35,162.49%,759.24,-71.50,arimax,ARIMAX & 620.35 & 162.49\% & 759.24 & -71.5 \\
Wietnam,424.43,109.46%,525.79,-33.77,arimax_pca,ARIMAX_PCA & 424.43 & 109.46\% & 525.79 & -33.77 \\
Wietnam,70.57,17.88%,106.70,-0.43,lightgbm,LIGHTGBM & 70.57 & 17.88\% & 106.7 & -0.43 \\
Wietnam,212.95,64.44%,221.79,-5.19,lstm,LSTM & 212.95 & 64.44\% & 221.79 & -5.19 \\
Wietnam,133.91,37.68%,154.63,-2.01,arimax_pca + lstm,ARIMAX_PCA + LSTM & 133.91 & 37.68\% & 154.63 & -2.01 \\
Wietnam,159.72,44.84%,175.82,-2.89,arimax + lstm,ARIMAX + LSTM & 159.72 & 44.84\% & 175.82 & -2.89 \\
Wietnam,48.07,11.57%,84.93,0.09,lightgbm + lstm,LIGHTGBM + LSTM & 48.07 & 11.57\% & 84.93 & 0.09 \\
Włochy,105.31,33.26%,120.42,-3.15,arimax,ARIMAX & 105.31 & 33.26\% & 120.42 & -3.15 \\
Włochy,137.95,43.43%,156.40,-6.00,arimax_pca,ARIMAX_PCA & 137.95 & 43.43\% & 156.4 & -6 \\
Włochy,70.60,22.4%,83.03,-0.97,lightgbm,LIGHTGBM & 70.6 & 22.4\% & 83.03 & -0.97 \\
Włochy,126.62,37.25%,128.53,-3.73,lstm,LSTM & 126.62 & 37.25\% & 128.53 & -3.73 \\
Włochy,79.02,22.79%,82.00,-0.92,arimax_pca + lstm,ARIMAX_PCA + LSTM & 79.02 & 22.79\% & 82 & -0.92 \\
Włochy,98.32,28.2%,100.69,-1.90,arimax + lstm,ARIMAX + LSTM & 98.32 & 28.2\% & 100.69 & -1.9 \\
Włochy,41.98,11.18%,49.70,0.29,lightgbm + lstm,LIGHTGBM + LSTM & 41.98 & 11.18\% & 49.7 & 0.29 \\
Wybrzeże Kości Słoniowej,240.12,192.7%,293.50,-21.81,arimax,ARIMAX & 240.12 & 192.7\% & 293.5 & -21.81 \\
Wybrzeże Kości Słoniowej,157.76,124.03%,192.78,-8.84,arimax_pca,ARIMAX_PCA & 157.76 & 124.03\% & 192.78 & -8.84 \\
Wybrzeże Kości Słoniowej,44.14,41.07%,68.56,-0.24,lightgbm,LIGHTGBM & 44.14 & 41.07\% & 68.56 & -0.24 \\
Wybrzeże Kości Słoniowej,66.85,88.71%,74.04,-0.45,lstm,LSTM & 66.85 & 88.71\% & 74.04 & -0.45 \\
Wybrzeże Kości Słoniowej,55.57,51.21%,77.81,-0.60,arimax_pca + lstm,ARIMAX_PCA + LSTM & 55.57 & 51.21\% & 77.81 & -0.6 \\
Wybrzeże Kości Słoniowej,66.68,62.64%,89.81,-1.14,arimax + lstm,ARIMAX + LSTM & 66.68 & 62.64\% & 89.81 & -1.14 \\
Wybrzeże Kości Słoniowej,40.92,37.5%,63.15,-0.06,lightgbm + lstm,LIGHTGBM + LSTM & 40.92 & 37.5\% & 63.15 & -0.06 \\