year,country_index,co2_including_luc
1930,Argentina,194.678
1931,Argentina,163.215
1932,Argentina,145.94
1933,Argentina,134.144
1934,Argentina,126.606
1935,Argentina,119.507
1936,Argentina,115.143
1937,Argentina,112.26
1938,Argentina,108.844
1939,Argentina,106.511
1940,Argentina,78.523
1941,Argentina,60.432
1942,Argentina,48.192
1943,Argentina,39.505
1944,Argentina,31.721
1945,Argentina,24.943
1946,Argentina,19.336
1947,Argentina,15.218
1948,Argentina,13.717
1949,Argentina,7.51
1950,Argentina,42.13
1951,Argentina,57.512
1952,Argentina,66.19
1953,Argentina,70.501
1954,Argentina,75.928
1955,Argentina,81.921
1956,Argentina,89.442
1957,Argentina,94.597
1958,Argentina,93.047
1959,Argentina,100.198
1960,Argentina,82.468
1961,Argentina,116.776
1962,Argentina,122.813
1963,Argentina,120.928
1964,Argentina,133.435
1965,Argentina,190.767
1966,Argentina,193.373
1967,Argentina,254.536
1968,Argentina,334.71
1969,Argentina,250.586
1970,Argentina,200.059
1971,Argentina,177.463
1972,Argentina,161.936
1973,Argentina,154.262
1974,Argentina,148.536
1975,Argentina,141.739
1976,Argentina,141.13
1977,Argentina,138.751
1978,Argentina,136.697
1979,Argentina,142.084
1980,Argentina,138.505
1981,Argentina,200.451
1982,Argentina,164.847
1983,Argentina,152.522
1984,Argentina,145.395
1985,Argentina,134.612
1986,Argentina,129.19
1987,Argentina,128.504
1988,Argentina,141.812
1989,Argentina,141.469
1990,Argentina,139.201
1991,Argentina,189.518
1992,Argentina,166.665
1993,Argentina,153.576
1994,Argentina,154.442
1995,Argentina,164.034
1996,Argentina,170.991
1997,Argentina,180.669
1998,Argentina,190.348
1999,Argentina,195.429
2000,Argentina,189.894
2001,Argentina,179.75
2002,Argentina,226.898
2003,Argentina,359.488
1930,Australia,81.718
1931,Australia,65.87
1932,Australia,58.464
1933,Australia,53.995
1934,Australia,49.891
1935,Australia,48.301
1936,Australia,47.266
1937,Australia,46.367
1938,Australia,43.925
1939,Australia,45.425
1940,Australia,43.779
1941,Australia,48.457
1942,Australia,51.347
1943,Australia,50.325
1944,Australia,49.841
1945,Australia,47.693
1946,Australia,50.477
1947,Australia,52.114
1948,Australia,53.983
1949,Australia,54.707
1950,Australia,180.243
1951,Australia,242.346
1952,Australia,282.892
1953,Australia,318.059
1954,Australia,348.276
1955,Australia,373.36
1956,Australia,396.331
1957,Australia,421.198
1958,Australia,430.222
1959,Australia,448.333
1960,Australia,428.114
1961,Australia,418.613
1962,Australia,319.415
1963,Australia,353.779
1964,Australia,383.394
1965,Australia,429.378
1966,Australia,373.011
1967,Australia,571.598
1968,Australia,367.974
1969,Australia,280.737
1970,Australia,233.127
1971,Australia,233.865
1972,Australia,170.567
1973,Australia,184.39
1974,Australia,150.397
1975,Australia,230.562
1976,Australia,214.042
1977,Australia,350.695
1978,Australia,319.598
1979,Australia,309.98
1980,Australia,309.884
1981,Australia,369.351
1982,Australia,302.383
1983,Australia,463.769
1984,Australia,339.907
1985,Australia,294.408
1986,Australia,250.386
1987,Australia,223.771
1988,Australia,215.169
1989,Australia,220.957
1990,Australia,263.537
1991,Australia,231.042
1992,Australia,311.409
1993,Australia,331.135
1994,Australia,319.368
1995,Australia,497.653
1996,Australia,515.151
1997,Australia,457.837
1998,Australia,536.629
1999,Australia,494.546
2000,Australia,556.108
2001,Australia,467.79
2002,Australia,428.655
2003,Australia,592.411
1982,Belarus,116.977
1983,Belarus,116.992
1984,Belarus,118.184
1985,Belarus,125.589
1986,Belarus,140.56
1987,Belarus,129.967
1988,Belarus,130.374
1989,Belarus,124.582
1990,Belarus,124.029
1991,Belarus,111.018
1992,Belarus,101.952
1993,Belarus,91.822
1994,Belarus,87.564
1995,Belarus,74.129
1996,Belarus,72.866
1997,Belarus,72.705
1998,Belarus,74.969
1999,Belarus,73.266
2000,Belarus,58.219
2001,Belarus,54.847
2002,Belarus,54.542
2003,Belarus,56.161
2004,Belarus,60.833
2005,Belarus,63.159
2006,Belarus,63.528
2007,Belarus,64.391
2008,Belarus,68.231
2009,Belarus,64.916
2010,Belarus,66.616
2011,Belarus,64.041
2012,Belarus,65.177
2013,Belarus,67.815
1930,Belgium,95.291
1931,Belgium,85.182
1932,Belgium,68.783
1933,Belgium,73.597
1934,Belgium,75.737
1935,Belgium,71.786
1936,Belgium,75.012
1937,Belgium,89.88
1938,Belgium,78.971
1939,Belgium,72.991
1940,Belgium,61.23
1941,Belgium,64.216
1942,Belgium,59.808
1943,Belgium,56.692
1944,Belgium,31.791
1945,Belgium,37.126
1946,Belgium,54.616
1947,Belgium,80.113
1948,Belgium,83.013
1949,Belgium,78.803
1950,Belgium,73.803
1951,Belgium,86.722
1952,Belgium,80.833
1953,Belgium,79.737
1954,Belgium,82.896
1955,Belgium,89.182
1956,Belgium,93.718
1957,Belgium,93.461
1958,Belgium,84.354
1959,Belgium,85.02
1960,Belgium,87.898
1961,Belgium,89.547
1962,Belgium,94.936
1963,Belgium,102.595
1964,Belgium,100.681
1965,Belgium,102.337
1966,Belgium,102.172
1967,Belgium,104.718
1968,Belgium,115.76
1969,Belgium,120.857
1970,Belgium,122.938
1971,Belgium,119.036
1972,Belgium,128.35
1973,Belgium,136.375
1974,Belgium,132.74
1975,Belgium,119.724
1976,Belgium,127.769
1977,Belgium,124.169
1978,Belgium,133.176
1979,Belgium,133.846
1980,Belgium,129.224
1981,Belgium,118.171
1982,Belgium,112.133
1983,Belgium,96.833
1984,Belgium,100.92
1985,Belgium,100.122
1986,Belgium,96.884
1987,Belgium,103.553
1988,Belgium,98.221
1989,Belgium,105.076
1990,Belgium,118.612
1991,Belgium,126.791
1992,Belgium,124.144
1993,Belgium,129.382
1994,Belgium,127.566
1995,Belgium,127.846
1996,Belgium,131.979
1997,Belgium,126.479
1998,Belgium,132.631
1999,Belgium,129.888
2000,Belgium,129.409
2001,Belgium,127.95
2002,Belgium,128.967
2003,Belgium,131.51
1930,Brazil,342.469
1931,Brazil,286.386
1932,Brazil,260.209
1933,Brazil,236.966
1934,Brazil,221.618
1935,Brazil,211.321
1936,Brazil,196.672
1937,Brazil,190.524
1938,Brazil,190.144
1939,Brazil,181.065
1940,Brazil,325.524
1941,Brazil,386.295
1942,Brazil,418.133
1943,Brazil,443.594
1944,Brazil,458.657
1945,Brazil,472.57
1946,Brazil,482.481
1947,Brazil,493.127
1948,Brazil,498.151
1949,Brazil,509.19
1950,Brazil,691.92
1951,Brazil,773.455
1952,Brazil,828.078
1953,Brazil,865.166
1954,Brazil,903.744
1955,Brazil,932.574
1956,Brazil,958.156
1957,Brazil,986.858
1958,Brazil,1017.771
1959,Brazil,1051.017
1960,Brazil,1114.192
1961,Brazil,1163.764
1962,Brazil,1203.149
1963,Brazil,1230.871
1964,Brazil,1241.737
1965,Brazil,1250.739
1966,Brazil,1262.071
1967,Brazil,1268.242
1968,Brazil,1288.35
1969,Brazil,1303.683
1970,Brazil,1327.65
1971,Brazil,1335.741
1972,Brazil,1352.237
1973,Brazil,1380.178
1974,Brazil,1410.984
1975,Brazil,1443.636
1976,Brazil,1474.222
1977,Brazil,1507.863
1978,Brazil,1560.967
1979,Brazil,1603.908
1980,Brazil,1651.851
1981,Brazil,1673.585
1982,Brazil,1709.509
1983,Brazil,1718.641
1984,Brazil,1722.106
1985,Brazil,1277.794
1986,Brazil,1574.729
1987,Brazil,1680.938
1988,Brazil,1644.795
1989,Brazil,1606.478
1990,Brazil,1742.684
1991,Brazil,1831.239
1992,Brazil,1925.131
1993,Brazil,1801.391
1994,Brazil,2193.873
1995,Brazil,2172.453
1996,Brazil,2042.495
1997,Brazil,2206.547
1998,Brazil,2463.363
1999,Brazil,2490.505
2000,Brazil,2299.381
2001,Brazil,2227.689
2002,Brazil,2328.348
2003,Brazil,3318.011
1930,Canada,435.268
1931,Canada,423.954
1932,Canada,417.213
1933,Canada,419.224
1934,Canada,432.807
1935,Canada,436.314
1936,Canada,443.013
1937,Canada,439.534
1938,Canada,434.623
1939,Canada,449.191
1940,Canada,440.573
1941,Canada,445.056
1942,Canada,455.934
1943,Canada,457.899
1944,Canada,460.692
1945,Canada,448.875
1946,Canada,460.508
1947,Canada,459.892
1948,Canada,464.339
1949,Canada,450.011
1950,Canada,513.585
1951,Canada,529.079
1952,Canada,535.601
1953,Canada,542.844
1954,Canada,552.437
1955,Canada,569.666
1956,Canada,594.026
1957,Canada,596.088
1958,Canada,605.299
1959,Canada,611.466
1960,Canada,561.375
1961,Canada,550.244
1962,Canada,550.537
1963,Canada,556.566
1964,Canada,577.48
1965,Canada,572.191
1966,Canada,551.747
1967,Canada,564.149
1968,Canada,573.023
1969,Canada,566.02
1970,Canada,595.038
1971,Canada,608.969
1972,Canada,629.767
1973,Canada,626.219
1974,Canada,629.998
1975,Canada,632.056
1976,Canada,645.955
1977,Canada,664.682
1978,Canada,676.744
1979,Canada,698.962
1980,Canada,704.126
1981,Canada,687.257
1982,Canada,660.571
1983,Canada,648.19
1984,Canada,681.259
1985,Canada,678.194
1986,Canada,657.192
1987,Canada,680.906
1988,Canada,706.695
1989,Canada,708.801
1990,Canada,698.519
1991,Canada,676.602
1992,Canada,692.569
1993,Canada,691.927
1994,Canada,708.337
1995,Canada,722.819
1996,Canada,738.65
1997,Canada,759.618
1998,Canada,762.534
1999,Canada,773.598
2000,Canada,796.565
2001,Canada,827.888
2002,Canada,793.92
2003,Canada,795.193
1930,Chile,43.849
1931,Chile,43.64
1932,Chile,44.002
1933,Chile,45.444
1934,Chile,46.405
1935,Chile,46.796
1936,Chile,46.746
1937,Chile,46.91
1938,Chile,46.989
1939,Chile,46.301
1940,Chile,46.16
1941,Chile,46.268
1942,Chile,46.244
1943,Chile,46.228
1944,Chile,45.933
1945,Chile,45.065
1946,Chile,44.467
1947,Chile,44.33
1948,Chile,44.414
1949,Chile,44.135
1950,Chile,45.283
1951,Chile,46.731
1952,Chile,47.015
1953,Chile,47.869
1954,Chile,49.717
1955,Chile,51.428
1956,Chile,52.661
1957,Chile,53.702
1958,Chile,55.519
1959,Chile,57.052
1960,Chile,58.022
1961,Chile,51.093
1962,Chile,50.747
1963,Chile,49.708
1964,Chile,48.707
1965,Chile,48.079
1966,Chile,49.68
1967,Chile,49.927
1968,Chile,50.736
1969,Chile,62.105
1970,Chile,63.158
1971,Chile,66.414
1972,Chile,73.155
1973,Chile,74.669
1974,Chile,66.696
1975,Chile,76.137
1976,Chile,58.214
1977,Chile,49.727
1978,Chile,44.863
1979,Chile,44.553
1980,Chile,41.817
1981,Chile,37.444
1982,Chile,31.683
1983,Chile,30.887
1984,Chile,32.35
1985,Chile,30.551
1986,Chile,26.257
1987,Chile,27.488
1988,Chile,34.433
1989,Chile,33.911
1990,Chile,34.423
1991,Chile,29.994
1992,Chile,31.065
1993,Chile,40.44
1994,Chile,40.598
1995,Chile,45.699
1996,Chile,54.605
1997,Chile,70.409
1998,Chile,66.876
1999,Chile,73.396
2000,Chile,79.491
2001,Chile,76.943
2002,Chile,72.881
2003,Chile,84.333
1952,China,578.667
1953,China,606.179
1954,China,655.811
1955,China,715.229
1956,China,775.531
1957,China,844.815
1958,China,1173.678
1959,China,1559.527
1960,China,1328.418
1961,China,1081.465
1962,China,936.606
1963,China,921.427
1964,China,934.637
1965,China,949.448
1966,China,984.953
1967,China,887.524
1968,China,942.251
1969,China,1057.78
1970,China,1265.898
1971,China,1355.042
1972,China,1443.855
1973,China,1624.451
1974,China,1479.169
1975,China,1718.87
1976,China,1781.839
1977,China,1900.5
1978,China,2061.147
1979,China,2061.975
1980,China,2148.363
1981,China,2770.511
1982,China,3246.749
1983,China,3699.152
1984,China,4069.68
1985,China,3635.894
1986,China,3537.107
1987,China,3644.379
1988,China,3870.589
1989,China,3911.879
1990,China,3852.928
1991,China,3619.209
1992,China,3785.728
1993,China,4008.885
1994,China,4303.095
1995,China,4453.87
1996,China,4652.544
1997,China,4659.896
1998,China,4430.843
1999,China,4461.806
2000,China,4320.913
2001,China,4308.903
2002,China,4596.373
2003,China,5362.1
2004,China,5825.695
2005,China,6268.588
2006,China,6898.949
2007,China,7342.994
1923,Colombia,215.139
1924,Colombia,220.341
1925,Colombia,222.49
1926,Colombia,224.262
1927,Colombia,225.394
1928,Colombia,229.293
1929,Colombia,224.602
1930,Colombia,199.477
1931,Colombia,183.167
1932,Colombia,180.669
1933,Colombia,171.43
1934,Colombia,174.131
1935,Colombia,165.476
1936,Colombia,164.103
1937,Colombia,164.0
1938,Colombia,162.293
1939,Colombia,164.929
1940,Colombia,248.027
1941,Colombia,281.026
1942,Colombia,295.612
1943,Colombia,305.991
1944,Colombia,307.88
1945,Colombia,314.012
1946,Colombia,317.841
1947,Colombia,312.369
1948,Colombia,314.125
1949,Colombia,312.453
1950,Colombia,344.096
1951,Colombia,354.222
1952,Colombia,355.281
1953,Colombia,364.412
1954,Colombia,363.354
1955,Colombia,374.529
1956,Colombia,382.49
1957,Colombia,408.746
1958,Colombia,432.047
1959,Colombia,484.732
1960,Colombia,279.195
1961,Colombia,417.343
1962,Colombia,332.82
1963,Colombia,298.14
1964,Colombia,410.487
1965,Colombia,208.595
1966,Colombia,154.551
1967,Colombia,125.835
1968,Colombia,112.335
1969,Colombia,97.893
1970,Colombia,531.509
1971,Colombia,208.051
1972,Colombia,154.253
1973,Colombia,128.812
1974,Colombia,113.712
1975,Colombia,105.11
1976,Colombia,137.853
1977,Colombia,97.593
1978,Colombia,93.397
1979,Colombia,92.484
1980,Colombia,88.876
1981,Colombia,90.996
1982,Colombia,87.563
1983,Colombia,94.764
1984,Colombia,96.92
1985,Colombia,93.922
1986,Colombia,95.664
1987,Colombia,78.66
1988,Colombia,79.229
1989,Colombia,75.384
1990,Colombia,72.856
1991,Colombia,95.953
1992,Colombia,96.867
1993,Colombia,103.151
1994,Colombia,91.842
1995,Colombia,164.946
1996,Colombia,149.335
1997,Colombia,209.505
1998,Colombia,225.671
1999,Colombia,162.879
2000,Colombia,70.691
2001,Colombia,41.841
2002,Colombia,104.211
1952,Cote d'Ivoire,180.92
1953,Cote d'Ivoire,197.068
1954,Cote d'Ivoire,211.472
1955,Cote d'Ivoire,223.821
1956,Cote d'Ivoire,236.262
1957,Cote d'Ivoire,249.955
1958,Cote d'Ivoire,267.442
1959,Cote d'Ivoire,284.47
1960,Cote d'Ivoire,167.909
1961,Cote d'Ivoire,175.377
1962,Cote d'Ivoire,146.65
1963,Cote d'Ivoire,127.43
1964,Cote d'Ivoire,128.376
1965,Cote d'Ivoire,101.704
1966,Cote d'Ivoire,95.476
1967,Cote d'Ivoire,82.035
1968,Cote d'Ivoire,78.102
1969,Cote d'Ivoire,66.124
1970,Cote d'Ivoire,85.068
1971,Cote d'Ivoire,74.883
1972,Cote d'Ivoire,91.718
1973,Cote d'Ivoire,136.148
1974,Cote d'Ivoire,127.579
1975,Cote d'Ivoire,126.171
1976,Cote d'Ivoire,170.93
1977,Cote d'Ivoire,169.628
1978,Cote d'Ivoire,122.277
1979,Cote d'Ivoire,91.933
1980,Cote d'Ivoire,103.545
1981,Cote d'Ivoire,113.751
1982,Cote d'Ivoire,110.65
1983,Cote d'Ivoire,153.825
1984,Cote d'Ivoire,172.48
1985,Cote d'Ivoire,144.559
1986,Cote d'Ivoire,117.648
1987,Cote d'Ivoire,150.415
1988,Cote d'Ivoire,129.687
1989,Cote d'Ivoire,105.857
1990,Cote d'Ivoire,80.602
1991,Cote d'Ivoire,101.882
1992,Cote d'Ivoire,141.934
1993,Cote d'Ivoire,139.361
1994,Cote d'Ivoire,122.018
1995,Cote d'Ivoire,87.775
1996,Cote d'Ivoire,69.69
1997,Cote d'Ivoire,58.926
1998,Cote d'Ivoire,46.576
1999,Cote d'Ivoire,43.972
2000,Cote d'Ivoire,40.088
2001,Cote d'Ivoire,35.052
2002,Cote d'Ivoire,46.617
2003,Cote d'Ivoire,88.781
2004,Cote d'Ivoire,77.392
2005,Cote d'Ivoire,85.428
2006,Cote d'Ivoire,80.68
2007,Cote d'Ivoire,54.841
1972,Czechia,154.214
1973,Czechia,154.831
1974,Czechia,156.629
1975,Czechia,164.595
1976,Czechia,171.694
1977,Czechia,177.191
1978,Czechia,178.859
1979,Czechia,173.791
1980,Czechia,176.541
1981,Czechia,174.652
1982,Czechia,173.155
1983,Czechia,173.705
1984,Czechia,179.789
1985,Czechia,177.523
1986,Czechia,178.943
1987,Czechia,176.822
1988,Czechia,173.936
1989,Czechia,166.479
1990,Czechia,157.605
1991,Czechia,142.212
1992,Czechia,138.946
1993,Czechia,133.708
1994,Czechia,127.362
1995,Czechia,125.786
1996,Czechia,129.837
1997,Czechia,126.394
1998,Czechia,122.014
1999,Czechia,112.65
2000,Czechia,123.345
2001,Czechia,123.18
2002,Czechia,120.395
2003,Czechia,124.314
2004,Czechia,124.89
2005,Czechia,122.594
2006,Czechia,123.806
2007,Czechia,126.188
2008,Czechia,120.817
2009,Czechia,112.925
2010,Czechia,115.962
2011,Czechia,113.763
1952,Democratic Republic of Congo,316.434
1953,Democratic Republic of Congo,337.296
1954,Democratic Republic of Congo,357.533
1955,Democratic Republic of Congo,376.534
1956,Democratic Republic of Congo,393.762
1957,Democratic Republic of Congo,420.917
1958,Democratic Republic of Congo,445.583
1959,Democratic Republic of Congo,457.418
1960,Democratic Republic of Congo,581.907
1961,Democratic Republic of Congo,392.808
1962,Democratic Republic of Congo,301.402
1963,Democratic Republic of Congo,219.651
1964,Democratic Republic of Congo,172.553
1965,Democratic Republic of Congo,144.806
1966,Democratic Republic of Congo,128.722
1967,Democratic Republic of Congo,123.22
1968,Democratic Republic of Congo,117.806
1969,Democratic Republic of Congo,112.557
1970,Democratic Republic of Congo,113.749
1971,Democratic Republic of Congo,112.31
1972,Democratic Republic of Congo,109.291
1973,Democratic Republic of Congo,106.666
1974,Democratic Republic of Congo,90.316
1975,Democratic Republic of Congo,93.221
1976,Democratic Republic of Congo,89.214
1977,Democratic Republic of Congo,84.753
1978,Democratic Republic of Congo,78.708
1979,Democratic Republic of Congo,87.332
1980,Democratic Republic of Congo,92.354
1981,Democratic Republic of Congo,88.292
1982,Democratic Republic of Congo,86.777
1983,Democratic Republic of Congo,95.398
1984,Democratic Republic of Congo,97.553
1985,Democratic Republic of Congo,103.656
1986,Democratic Republic of Congo,90.751
1987,Democratic Republic of Congo,85.657
1988,Democratic Republic of Congo,82.963
1989,Democratic Republic of Congo,85.544
1990,Democratic Republic of Congo,88.614
1991,Democratic Republic of Congo,90.502
1992,Democratic Republic of Congo,88.955
1993,Democratic Republic of Congo,115.361
1994,Democratic Republic of Congo,117.655
1995,Democratic Republic of Congo,121.939
1996,Democratic Republic of Congo,124.054
1997,Democratic Republic of Congo,168.026
1998,Democratic Republic of Congo,172.135
1999,Democratic Republic of Congo,183.632
2000,Democratic Republic of Congo,176.551
2001,Democratic Republic of Congo,148.925
2002,Democratic Republic of Congo,137.996
2003,Democratic Republic of Congo,164.685
2004,Democratic Republic of Congo,137.277
2005,Democratic Republic of Congo,135.331
2006,Democratic Republic of Congo,144.826
2007,Democratic Republic of Congo,152.671
1952,Egypt,16.312
1953,Egypt,16.386
1954,Egypt,17.494
1955,Egypt,16.66
1956,Egypt,16.103
1957,Egypt,18.303
1958,Egypt,20.275
1959,Egypt,19.482
1960,Egypt,23.109
1961,Egypt,22.065
1962,Egypt,22.73
1963,Egypt,25.651
1964,Egypt,33.085
1965,Egypt,35.587
1966,Egypt,32.698
1967,Egypt,24.368
1968,Egypt,27.531
1969,Egypt,23.558
1970,Egypt,25.099
1971,Egypt,26.003
1972,Egypt,28.1
1973,Egypt,25.946
1974,Egypt,27.87
1975,Egypt,31.568
1976,Egypt,33.903
1977,Egypt,36.415
1978,Egypt,37.207
1979,Egypt,41.379
1980,Egypt,44.623
1981,Egypt,50.201
1982,Egypt,55.795
1983,Egypt,57.145
1984,Egypt,64.693
1985,Egypt,66.043
1986,Egypt,75.584
1987,Egypt,76.341
1988,Egypt,75.502
1989,Egypt,74.697
1990,Egypt,77.07
1991,Egypt,86.842
1992,Egypt,91.266
1993,Egypt,99.269
1994,Egypt,94.054
1995,Egypt,101.777
1996,Egypt,101.577
1997,Egypt,114.437
1998,Egypt,132.225
1999,Egypt,130.521
2000,Egypt,146.286
2001,Egypt,131.159
2002,Egypt,131.217
2003,Egypt,152.625
2004,Egypt,155.398
2005,Egypt,170.478
2006,Egypt,181.045
2007,Egypt,189.933
1930,France,189.733
1931,France,167.732
1932,France,141.362
1933,France,148.271
1934,France,149.376
1935,France,142.354
1936,France,144.226
1937,France,162.872
1938,France,146.672
1939,France,138.083
1940,France,82.062
1941,France,65.197
1942,France,68.505
1943,France,72.468
1944,France,27.762
1945,France,55.439
1946,France,113.791
1947,France,132.962
1948,France,146.352
1949,France,180.265
1950,France,156.121
1951,France,187.034
1952,France,191.954
1953,France,185.588
1954,France,202.931
1955,France,220.198
1956,France,254.225
1957,France,269.306
1958,France,263.197
1959,France,232.095
1960,France,263.562
1961,France,282.25
1962,France,297.742
1963,France,296.162
1964,France,324.554
1965,France,315.062
1966,France,330.808
1967,France,347.917
1968,France,364.535
1969,France,380.681
1970,France,404.996
1971,France,434.931
1972,France,458.814
1973,France,491.63
1974,France,475.777
1975,France,431.763
1976,France,475.671
1977,France,466.315
1978,France,484.78
1979,France,488.434
1980,France,470.654
1981,France,421.937
1982,France,401.827
1983,France,389.572
1984,France,380.088
1985,France,374.515
1986,France,364.124
1987,France,351.894
1988,France,358.3
1989,France,379.276
1990,France,379.15
1991,France,406.437
1992,France,400.847
1993,France,378.075
1994,France,370.481
1995,France,373.405
1996,France,389.568
1997,France,380.175
1998,France,398.595
1999,France,393.83
2000,France,386.885
2001,France,388.384
2002,France,382.439
2003,France,389.716
1930,Germany,475.572
1931,Germany,399.234
1932,Germany,362.249
1933,Germany,380.173
1934,Germany,424.586
1935,Germany,467.901
1936,Germany,515.472
1937,Germany,579.718
1938,Germany,618.59
1939,Germany,665.614
1940,Germany,667.383
1941,Germany,672.618
1942,Germany,678.978
1943,Germany,690.237
1944,Germany,609.962
1945,Germany,124.658
1946,Germany,279.265
1947,Germany,325.041
1948,Germany,384.602
1949,Germany,438.662
1950,Germany,516.877
1951,Germany,581.668
1952,Germany,614.137
1953,Germany,625.228
1954,Germany,659.434
1955,Germany,721.709
1956,Germany,762.688
1957,Germany,773.795
1958,Germany,750.441
1959,Germany,672.624
1960,Germany,739.648
1961,Germany,762.64
1962,Germany,814.12
1963,Germany,882.116
1964,Germany,911.332
1965,Germany,903.654
1966,Germany,894.851
1967,Germany,880.778
1968,Germany,931.384
1969,Germany,997.567
1970,Germany,973.578
1971,Germany,988.95
1972,Germany,994.129
1973,Germany,1040.091
1974,Germany,1019.782
1975,Germany,961.814
1976,Germany,1051.305
1977,Germany,1014.544
1978,Germany,1041.545
1979,Germany,1080.924
1980,Germany,1063.689
1981,Germany,1012.898
1982,Germany,981.016
1983,Germany,977.936
1984,Germany,1000.675
1985,Germany,1012.804
1986,Germany,1016.661
1987,Germany,1004.588
1988,Germany,1001.752
1989,Germany,983.978
1990,Germany,1014.775
1991,Germany,976.293
1992,Germany,950.103
1993,Germany,944.012
1994,Germany,927.707
1995,Germany,921.047
1996,Germany,940.433
1997,Germany,916.53
1998,Germany,903.923
1999,Germany,874.4
2000,Germany,878.691
2001,Germany,894.052
2002,Germany,882.237
2003,Germany,886.139
1930,India,515.635
1931,India,516.926
1932,India,517.528
1933,India,521.258
1934,India,527.722
1935,India,531.865
1936,India,536.477
1937,India,544.795
1938,India,551.068
1939,India,552.204
1940,India,560.841
1941,India,565.091
1942,India,567.657
1943,India,563.59
1944,India,570.085
1945,India,574.066
1946,India,574.846
1947,India,578.971
1948,India,578.796
1949,India,580.677
1950,India,716.512
1951,India,761.3
1952,India,792.42
1953,India,809.023
1954,India,828.706
1955,India,841.539
1956,India,855.278
1957,India,870.331
1958,India,884.932
1959,India,895.526
1960,India,591.906
1961,India,796.883
1962,India,531.698
1963,India,499.739
1964,India,490.176
1965,India,477.28
1966,India,564.786
1967,India,574.288
1968,India,436.203
1969,India,485.644
1970,India,376.118
1971,India,426.911
1972,India,587.505
1973,India,548.659
1974,India,519.244
1975,India,472.809
1976,India,431.117
1977,India,656.472
1978,India,523.39
1979,India,454.543
1980,India,484.325
1981,India,539.99
1982,India,474.787
1983,India,675.497
1984,India,558.454
1985,India,557.788
1986,India,626.992
1987,India,585.688
1988,India,715.897
1989,India,711.409
1990,India,751.895
1991,India,750.938
1992,India,822.253
1993,India,807.224
1994,India,832.41
1995,India,844.724
1996,India,986.403
1997,India,959.593
1998,India,970.564
1999,India,1035.574
2000,India,1168.695
2001,India,1132.352
2002,India,1108.092
2003,India,1172.229
1891,Indonesia,478.756
1892,Indonesia,513.181
1893,Indonesia,545.983
1894,Indonesia,559.698
1895,Indonesia,567.941
1896,Indonesia,576.247
1897,Indonesia,561.774
1898,Indonesia,555.944
1899,Indonesia,574.325
1900,Indonesia,585.233
1901,Indonesia,566.998
1902,Indonesia,561.296
1903,Indonesia,554.428
1904,Indonesia,557.378
1905,Indonesia,548.81
1906,Indonesia,535.042
1907,Indonesia,541.878
1908,Indonesia,552.874
1909,Indonesia,528.461
1910,Indonesia,552.465
1911,Indonesia,540.791
1912,Indonesia,514.169
1913,Indonesia,525.862
1914,Indonesia,520.955
1915,Indonesia,521.152
1916,Indonesia,513.377
1917,Indonesia,508.193
1918,Indonesia,508.677
1919,Indonesia,486.51
1920,Indonesia,496.597
1921,Indonesia,493.732
1922,Indonesia,486.159
1923,Indonesia,471.243
1924,Indonesia,475.996
1925,Indonesia,489.043
1926,Indonesia,489.1
1927,Indonesia,480.472
1928,Indonesia,485.845
1929,Indonesia,483.725
1930,Indonesia,485.533
1931,Indonesia,495.835
1932,Indonesia,503.939
1933,Indonesia,493.864
1934,Indonesia,511.845
1935,Indonesia,499.18
1936,Indonesia,510.216
1937,Indonesia,519.014
1938,Indonesia,522.571
1939,Indonesia,519.494
1940,Indonesia,516.685
1941,Indonesia,523.309
1942,Indonesia,513.834
1943,Indonesia,520.224
1944,Indonesia,519.216
1945,Indonesia,515.339
1946,Indonesia,500.619
1947,Indonesia,506.0
1948,Indonesia,520.148
1949,Indonesia,534.37
1950,Indonesia,527.846
1951,Indonesia,518.031
1952,Indonesia,544.224
1953,Indonesia,543.187
1954,Indonesia,553.842
1955,Indonesia,584.137
1956,Indonesia,578.943
1957,Indonesia,580.665
1958,Indonesia,592.611
1959,Indonesia,594.559
1960,Indonesia,467.128
1961,Indonesia,453.732
1962,Indonesia,431.502
1963,Indonesia,424.555
1964,Indonesia,406.087
1965,Indonesia,388.998
1966,Indonesia,377.405
1967,Indonesia,373.062
1968,Indonesia,351.75
1969,Indonesia,355.325
1970,Indonesia,340.142
1971,Indonesia,338.316
1972,Indonesia,334.965
1973,Indonesia,340.368
1974,Indonesia,333.717
1975,Indonesia,310.694
1976,Indonesia,325.197
1977,Indonesia,334.422
1978,Indonesia,343.583
1979,Indonesia,323.746
1980,Indonesia,318.466
1981,Indonesia,324.505
1982,Indonesia,346.704
1983,Indonesia,333.723
1984,Indonesia,1242.567
1985,Indonesia,1250.436
1986,Indonesia,1552.716
1987,Indonesia,1256.976
1988,Indonesia,913.336
1989,Indonesia,1082.267
1990,Indonesia,652.308
1991,Indonesia,584.508
1992,Indonesia,852.096
1993,Indonesia,663.911
1994,Indonesia,1011.031
1995,Indonesia,906.92
1952,Iran,36.233
1953,Iran,39.904
1954,Iran,40.596
1955,Iran,58.15
1956,Iran,67.995
1957,Iran,70.817
1958,Iran,76.105
1959,Iran,77.034
1960,Iran,92.429
1961,Iran,75.408
1962,Iran,70.486
1963,Iran,70.759
1964,Iran,74.84
1965,Iran,76.65
1966,Iran,87.356
1967,Iran,89.705
1968,Iran,102.711
1969,Iran,100.537
1970,Iran,129.127
1971,Iran,159.184
1972,Iran,176.111
1973,Iran,162.176
1974,Iran,155.73
1975,Iran,137.647
1976,Iran,148.924
1977,Iran,141.944
1978,Iran,195.037
1979,Iran,134.974
1980,Iran,118.077
1981,Iran,127.57
1982,Iran,152.59
1983,Iran,166.942
1984,Iran,170.605
1985,Iran,183.995
1986,Iran,174.823
1987,Iran,189.086
1988,Iran,182.402
1989,Iran,185.483
1990,Iran,277.11
1991,Iran,284.226
1992,Iran,260.631
1993,Iran,256.95
1994,Iran,271.21
1995,Iran,260.284
1996,Iran,284.083
1997,Iran,259.149
1998,Iran,266.222
1999,Iran,384.946
2000,Iran,370.352
2001,Iran,392.235
2002,Iran,399.804
2003,Iran,415.646
2004,Iran,448.493
2005,Iran,474.057
2006,Iran,474.643
2007,Iran,485.278
1930,Italy,75.867
1931,Italy,71.783
1932,Italy,63.894
1933,Italy,65.244
1934,Italy,72.038
1935,Italy,80.435
1936,Italy,65.463
1937,Italy,76.975
1938,Italy,80.811
1939,Italy,80.017
1940,Italy,79.602
1941,Italy,72.187
1942,Italy,73.773
1943,Italy,39.892
1944,Italy,36.992
1945,Italy,37.091
1946,Italy,53.936
1947,Italy,65.459
1948,Italy,61.05
1949,Italy,68.455
1950,Italy,59.525
1951,Italy,56.157
1952,Italy,54.533
1953,Italy,52.591
1954,Italy,53.506
1955,Italy,58.034
1956,Italy,61.044
1957,Italy,59.533
1958,Italy,54.552
1959,Italy,35.812
1960,Italy,58.288
1961,Italy,80.338
1962,Italy,101.532
1963,Italy,120.006
1964,Italy,134.052
1965,Italy,148.736
1966,Italy,175.95
1967,Italy,200.452
1968,Italy,211.496
1969,Italy,232.765
1970,Italy,202.427
1971,Italy,225.957
1972,Italy,245.159
1973,Italy,278.016
1974,Italy,286.288
1975,Italy,271.914
1976,Italy,298.247
1977,Italy,293.436
1978,Italy,312.349
1979,Italy,328.163
1980,Italy,331.58
1981,Italy,323.049
1982,Italy,313.225
1983,Italy,306.385
1984,Italy,311.674
1985,Italy,318.578
1986,Italy,314.409
1987,Italy,330.822
1988,Italy,338.963
1989,Italy,359.986
1990,Italy,387.466
1991,Italy,383.96
1992,Italy,381.011
1993,Italy,372.228
1994,Italy,364.925
1995,Italy,397.015
1996,Italy,391.958
1997,Italy,412.248
1998,Italy,443.245
1999,Italy,435.962
2000,Italy,435.81
2001,Italy,430.2
2002,Italy,430.419
2003,Italy,453.65
1930,Japan,154.377
1931,Japan,146.333
1932,Japan,148.04
1933,Japan,162.343
1934,Japan,173.821
1935,Japan,176.553
1936,Japan,187.421
1937,Japan,197.059
1938,Japan,204.016
1939,Japan,202.819
1940,Japan,230.002
1941,Japan,229.612
1942,Japan,224.284
1943,Japan,229.371
1944,Japan,215.765
1945,Japan,151.566
1946,Japan,129.245
1947,Japan,144.932
1948,Japan,164.484
1949,Japan,171.868
1950,Japan,180.689
1951,Japan,193.059
1952,Japan,204.345
1953,Japan,221.805
1954,Japan,209.971
1955,Japan,214.2
1956,Japan,231.766
1957,Japan,260.992
1958,Japan,252.096
1959,Japan,276.129
1960,Japan,304.054
1961,Japan,351.612
1962,Japan,356.713
1963,Japan,386.05
1964,Japan,415.484
1965,Japan,440.992
1966,Japan,468.683
1967,Japan,539.704
1968,Japan,606.028
1969,Japan,701.163
1970,Japan,808.82
1971,Japan,831.828
1972,Japan,882.234
1973,Japan,944.193
1974,Japan,939.491
1975,Japan,889.484
1976,Japan,925.378
1977,Japan,949.241
1978,Japan,918.316
1979,Japan,963.811
1980,Japan,954.104
1981,Japan,934.503
1982,Japan,906.502
1983,Japan,887.042
1984,Japan,944.646
1985,Japan,917.151
1986,Japan,916.855
1987,Japan,907.415
1988,Japan,988.27
1989,Japan,1022.858
1990,Japan,1157.755
1991,Japan,1168.124
1992,Japan,1177.315
1993,Japan,1168.548
1994,Japan,1227.102
1995,Japan,1235.181
1996,Japan,1246.488
1997,Japan,1237.176
1998,Japan,1197.841
1999,Japan,1233.557
2000,Japan,1267.826
2001,Japan,1241.92
2002,Japan,1268.997
2003,Japan,1276.05
1982,Kazakhstan,241.547
1983,Kazakhstan,241.993
1984,Kazakhstan,243.678
1985,Kazakhstan,261.619
1986,Kazakhstan,266.047
1987,Kazakhstan,260.731
1988,Kazakhstan,273.541
1989,Kazakhstan,261.134
1990,Kazakhstan,265.24
1991,Kazakhstan,265.634
1992,Kazakhstan,237.256
1993,Kazakhstan,199.646
1994,Kazakhstan,170.231
1995,Kazakhstan,122.286
1996,Kazakhstan,110.898
1997,Kazakhstan,100.852
1998,Kazakhstan,108.344
1999,Kazakhstan,45.517
2000,Kazakhstan,63.244
2001,Kazakhstan,46.547
2002,Kazakhstan,78.386
2003,Kazakhstan,110.795
2004,Kazakhstan,128.97
2005,Kazakhstan,148.359
2006,Kazakhstan,172.756
2007,Kazakhstan,178.83
2008,Kazakhstan,186.875
2009,Kazakhstan,188.716
2010,Kazakhstan,236.665
2011,Kazakhstan,226.342
2012,Kazakhstan,232.369
2013,Kazakhstan,238.59
1902,Malaysia,40.364
1903,Malaysia,44.748
1904,Malaysia,41.8
1905,Malaysia,41.312
1906,Malaysia,49.41
1907,Malaysia,49.8
1908,Malaysia,47.155
1909,Malaysia,52.14
1910,Malaysia,72.65
1911,Malaysia,83.1975
1912,Malaysia,93.745
1913,Malaysia,96.527
1914,Malaysia,100.912
1915,Malaysia,102.121
1916,Malaysia,102.219
1917,Malaysia,104.365
1918,Malaysia,106.435
1919,Malaysia,106.348
1920,Malaysia,66.553
1921,Malaysia,47.936
1922,Malaysia,42.968
1923,Malaysia,39.144
1924,Malaysia,30.157
1925,Malaysia,26.47
1926,Malaysia,17.167
1927,Malaysia,24.208
1928,Malaysia,23.73
1929,Malaysia,24.008
1930,Malaysia,47.62
1931,Malaysia,55.527
1932,Malaysia,61.088
1933,Malaysia,59.378
1934,Malaysia,60.568
1935,Malaysia,68.469
1936,Malaysia,69.829
1937,Malaysia,71.417
1938,Malaysia,73.827
1939,Malaysia,70.797
1940,Malaysia,83.218
1941,Malaysia,89.372
1942,Malaysia,91.413
1943,Malaysia,95.481
1944,Malaysia,92.368
1945,Malaysia,95.19
1946,Malaysia,96.146
1947,Malaysia,96.902
1948,Malaysia,95.209
1949,Malaysia,100.391
1950,Malaysia,64.87
1951,Malaysia,52.119
1952,Malaysia,46.689
1953,Malaysia,44.921
1954,Malaysia,39.216
1955,Malaysia,35.336
1956,Malaysia,35.396
1957,Malaysia,27.453
1958,Malaysia,26.088
1959,Malaysia,19.817
1960,Malaysia,20.172
1961,Malaysia,55.613
1962,Malaysia,95.649
1963,Malaysia,78.705
1964,Malaysia,128.017
1965,Malaysia,72.065
1966,Malaysia,91.028
1967,Malaysia,131.253
1968,Malaysia,112.02
1969,Malaysia,142.421
1970,Malaysia,132.567
1971,Malaysia,171.227
1972,Malaysia,154.834
1973,Malaysia,144.861
1974,Malaysia,171.681
1975,Malaysia,163.99
1976,Malaysia,191.449
1977,Malaysia,138.951
1978,Malaysia,238.618
1979,Malaysia,177.474
1980,Malaysia,214.015
1981,Malaysia,182.533
1982,Malaysia,197.693
1983,Malaysia,161.067
1984,Malaysia,243.071
1985,Malaysia,332.108
1986,Malaysia,406.214
1987,Malaysia,412.525
1988,Malaysia,425.565
1989,Malaysia,301.834
1990,Malaysia,242.482
1991,Malaysia,219.717
1992,Malaysia,250.582
1993,Malaysia,265.456
1994,Malaysia,275.229
1995,Malaysia,256.478
1996,Malaysia,237.332
1997,Malaysia,232.679
1930,Mexico,94.374
1931,Mexico,92.095
1932,Mexico,93.607
1933,Mexico,95.935
1934,Mexico,97.012
1935,Mexico,102.493
1936,Mexico,102.616
1937,Mexico,105.939
1938,Mexico,105.906
1939,Mexico,109.552
1940,Mexico,157.295
1941,Mexico,177.415
1942,Mexico,188.043
1943,Mexico,204.824
1944,Mexico,210.472
1945,Mexico,218.814
1946,Mexico,227.533
1947,Mexico,238.645
1948,Mexico,243.925
1949,Mexico,236.064
1950,Mexico,221.949
1951,Mexico,220.981
1952,Mexico,224.068
1953,Mexico,221.4
1954,Mexico,231.245
1955,Mexico,228.182
1956,Mexico,227.514
1957,Mexico,232.126
1958,Mexico,238.472
1959,Mexico,244.681
1960,Mexico,236.549
1961,Mexico,182.637
1962,Mexico,156.865
1963,Mexico,145.889
1964,Mexico,142.16
1965,Mexico,135.441
1966,Mexico,134.241
1967,Mexico,140.459
1968,Mexico,138.924
1969,Mexico,119.38
1970,Mexico,135.436
1971,Mexico,153.27
1972,Mexico,169.501
1973,Mexico,173.311
1974,Mexico,185.132
1975,Mexico,196.286
1976,Mexico,224.634
1977,Mexico,237.071
1978,Mexico,252.138
1979,Mexico,295.373
1980,Mexico,331.123
1981,Mexico,343.895
1982,Mexico,450.345
1983,Mexico,359.674
1984,Mexico,380.361
1985,Mexico,353.284
1986,Mexico,491.096
1987,Mexico,473.765
1988,Mexico,535.807
1989,Mexico,596.634
1990,Mexico,600.646
1991,Mexico,513.803
1992,Mexico,470.589
1993,Mexico,465.493
1994,Mexico,486.884
1995,Mexico,457.73
1996,Mexico,453.648
1997,Mexico,492.079
1998,Mexico,522.594
1999,Mexico,507.452
2000,Mexico,518.63
2001,Mexico,514.238
2002,Mexico,510.31
2003,Mexico,528.815
1853,Netherlands,10.988
1854,Netherlands,13.002
1855,Netherlands,11.393
1856,Netherlands,11.688
1857,Netherlands,11.309
1858,Netherlands,10.693
1859,Netherlands,10.163
1860,Netherlands,12.077
1861,Netherlands,11.573
1862,Netherlands,12.649
1863,Netherlands,11.138
1864,Netherlands,10.437
1865,Netherlands,10.713
1866,Netherlands,11.072
1867,Netherlands,11.365
1868,Netherlands,11.416
1869,Netherlands,11.659
1870,Netherlands,13.004
1871,Netherlands,13.216
1872,Netherlands,13.543
1873,Netherlands,13.992
1874,Netherlands,14.053
1875,Netherlands,14.446
1876,Netherlands,15.613
1877,Netherlands,15.97
1878,Netherlands,16.28
1879,Netherlands,16.504
1880,Netherlands,18.349
1881,Netherlands,18.211
1882,Netherlands,18.185
1883,Netherlands,19.245
1884,Netherlands,19.281
1885,Netherlands,19.502
1886,Netherlands,19.775
1887,Netherlands,20.706
1888,Netherlands,21.638
1889,Netherlands,21.557
1890,Netherlands,21.923
1891,Netherlands,23.179
1892,Netherlands,22.191
1893,Netherlands,23.097
1894,Netherlands,23.494
1895,Netherlands,22.936
1896,Netherlands,24.055
1897,Netherlands,24.736
1898,Netherlands,24.309
1899,Netherlands,24.17
1900,Netherlands,26.05
1901,Netherlands,25.231
1902,Netherlands,24.541
1903,Netherlands,24.935
1904,Netherlands,26.32
1905,Netherlands,26.712
1906,Netherlands,27.533
1907,Netherlands,28.113
1908,Netherlands,28.334
1909,Netherlands,28.97
1910,Netherlands,29.363
1911,Netherlands,31.329
1912,Netherlands,33.662
1913,Netherlands,35.905
1914,Netherlands,34.101
1915,Netherlands,32.607
1916,Netherlands,30.208
1917,Netherlands,16.311
1918,Netherlands,22.55
1919,Netherlands,29.704
1920,Netherlands,29.753
1921,Netherlands,31.375
1922,Netherlands,35.71
1923,Netherlands,34.684
1924,Netherlands,37.472
1925,Netherlands,40.389
1926,Netherlands,41.23
1927,Netherlands,44.688
1928,Netherlands,44.908
1929,Netherlands,48.299
1930,Netherlands,46.962
1931,Netherlands,50.636
1932,Netherlands,47.155
1933,Netherlands,44.269
1934,Netherlands,44.149
1935,Netherlands,42.241
1936,Netherlands,44.76
1937,Netherlands,48.565
1938,Netherlands,48.156
1939,Netherlands,45.142
1940,Netherlands,38.126
1941,Netherlands,42.094
1942,Netherlands,39.519
1943,Netherlands,40.303
1944,Netherlands,28.721
1945,Netherlands,19.987
1946,Netherlands,36.487
1947,Netherlands,50.101
1948,Netherlands,52.885
1949,Netherlands,56.492
1950,Netherlands,56.437
1951,Netherlands,59.734
1952,Netherlands,59.435
1953,Netherlands,59.952
1954,Netherlands,62.525
1955,Netherlands,65.073
1956,Netherlands,68.584
1957,Netherlands,67.826
1958,Netherlands,69.838
1959,Netherlands,70.019
1960,Netherlands,76.323
1961,Netherlands,77.777
1962,Netherlands,85.156
1963,Netherlands,92.68
1964,Netherlands,98.263
1965,Netherlands,101.244
1966,Netherlands,104.25
1967,Netherlands,107.593
1968,Netherlands,113.852
1969,Netherlands,115.995
1970,Netherlands,141.512
1971,Netherlands,140.625
1972,Netherlands,157.752
1973,Netherlands,165.128
1974,Netherlands,159.778
1975,Netherlands,152.967
1976,Netherlands,169.536
1977,Netherlands,163.708
1978,Netherlands,169.803
1979,Netherlands,186.827
1980,Netherlands,176.547
1981,Netherlands,164.055
1982,Netherlands,134.439
1983,Netherlands,138.612
1984,Netherlands,145.612
1985,Netherlands,148.771
1986,Netherlands,146.325
1987,Netherlands,153.675
1988,Netherlands,147.935
1952,Nigeria,176.7
1953,Nigeria,180.85
1954,Nigeria,186.124
1955,Nigeria,193.837
1956,Nigeria,199.772
1957,Nigeria,207.726
1958,Nigeria,214.095
1959,Nigeria,222.516
1960,Nigeria,227.384
1961,Nigeria,166.607
1962,Nigeria,304.837
1963,Nigeria,319.542
1964,Nigeria,390.809
1965,Nigeria,181.189
1966,Nigeria,229.394
1967,Nigeria,150.998
1968,Nigeria,513.331
1969,Nigeria,276.206
1970,Nigeria,127.662
1971,Nigeria,-13.9
1972,Nigeria,269.594
1973,Nigeria,55.931
1974,Nigeria,1.2
1975,Nigeria,-21.513
1976,Nigeria,-171.525
1977,Nigeria,-187.847
1978,Nigeria,-180.293
1979,Nigeria,1.493
1980,Nigeria,-117.664
1981,Nigeria,-47.951
1982,Nigeria,-48.494
1983,Nigeria,186.75
1984,Nigeria,233.353
1985,Nigeria,453.714
1986,Nigeria,279.878
1987,Nigeria,198.378
1988,Nigeria,171.857
1989,Nigeria,125.98
1990,Nigeria,233.621
1991,Nigeria,206.285
1992,Nigeria,212.989
1993,Nigeria,261.466
1994,Nigeria,364.789
1995,Nigeria,302.761
1996,Nigeria,287.218
1997,Nigeria,312.294
1998,Nigeria,308.232
1999,Nigeria,235.933
2000,Nigeria,164.472
2001,Nigeria,235.689
2002,Nigeria,236.931
2003,Nigeria,221.185
2004,Nigeria,233.102
2005,Nigeria,226.328
2006,Nigeria,178.882
2007,Nigeria,76.56
1952,Pakistan,76.38
1953,Pakistan,77.973
1954,Pakistan,80.161
1955,Pakistan,82.946
1956,Pakistan,87.124
1957,Pakistan,90.464
1958,Pakistan,94.877
1959,Pakistan,97.97
1960,Pakistan,105.026
1961,Pakistan,77.753
1962,Pakistan,61.644
1963,Pakistan,77.733
1964,Pakistan,105.47
1965,Pakistan,81.674
1966,Pakistan,64.394
1967,Pakistan,47.517
1968,Pakistan,17.301
1969,Pakistan,23.844
1970,Pakistan,15.659
1971,Pakistan,16.76
1972,Pakistan,54.51
1973,Pakistan,27.781
1974,Pakistan,36.56
1975,Pakistan,25.588
1976,Pakistan,31.891
1977,Pakistan,50.879
1978,Pakistan,39.797
1979,Pakistan,84.821
1980,Pakistan,47.735
1981,Pakistan,117.823
1982,Pakistan,47.366
1983,Pakistan,72.762
1984,Pakistan,53.242
1985,Pakistan,23.367
1986,Pakistan,62.193
1987,Pakistan,32.606
1988,Pakistan,54.319
1989,Pakistan,41.223
1990,Pakistan,53.58
1991,Pakistan,58.922
1992,Pakistan,78.112
1993,Pakistan,80.044
1994,Pakistan,93.927
1995,Pakistan,93.141
1996,Pakistan,122.086
1997,Pakistan,119.432
1998,Pakistan,118.186
1999,Pakistan,115.609
2000,Pakistan,129.705
2001,Pakistan,123.641
2002,Pakistan,130.119
2003,Pakistan,115.472
2004,Pakistan,122.622
2005,Pakistan,134.147
2006,Pakistan,138.859
2007,Pakistan,138.988
1930,Peru,28.86
1931,Peru,33.154
1932,Peru,32.601
1933,Peru,37.49
1934,Peru,36.594
1935,Peru,39.901
1936,Peru,37.09
1937,Peru,41.374
1938,Peru,39.603
1939,Peru,37.736
1940,Peru,31.177
1941,Peru,26.174
1942,Peru,24.988
1943,Peru,23.834
1944,Peru,23.661
1945,Peru,21.025
1946,Peru,20.619
1947,Peru,22.284
1948,Peru,21.061
1949,Peru,19.278
1950,Peru,24.961
1951,Peru,27.93
1952,Peru,30.719
1953,Peru,35.867
1954,Peru,41.908
1955,Peru,39.294
1956,Peru,40.828
1957,Peru,43.981
1958,Peru,53.696
1959,Peru,57.817
1960,Peru,64.55
1961,Peru,60.371
1962,Peru,86.611
1963,Peru,102.474
1964,Peru,97.953
1965,Peru,71.11
1966,Peru,58.768
1967,Peru,56.374
1968,Peru,53.721
1969,Peru,61.302
1970,Peru,64.937
1971,Peru,86.46
1972,Peru,97.489
1973,Peru,76.211
1974,Peru,67.886
1975,Peru,69.356
1976,Peru,80.205
1977,Peru,82.423
1978,Peru,74.208
1979,Peru,71.487
1980,Peru,70.283
1981,Peru,67.223
1982,Peru,69.663
1983,Peru,63.381
1984,Peru,63.805
1985,Peru,58.922
1986,Peru,57.285
1987,Peru,57.635
1988,Peru,53.552
1989,Peru,93.313
1990,Peru,74.676
1991,Peru,68.386
1992,Peru,75.857
1993,Peru,118.765
1994,Peru,112.288
1995,Peru,111.162
1996,Peru,109.216
1997,Peru,115.109
1998,Peru,144.703
1999,Peru,141.017
2000,Peru,131.204
2001,Peru,95.232
2002,Peru,83.696
2003,Peru,157.495
1930,Philippines,79.177
1931,Philippines,89.607
1932,Philippines,96.874
1933,Philippines,93.738
1934,Philippines,92.276
1935,Philippines,93.815
1936,Philippines,96.724
1937,Philippines,94.969
1938,Philippines,93.892
1939,Philippines,89.662
1940,Philippines,62.004
1941,Philippines,45.057
1942,Philippines,40.49625
1943,Philippines,35.935500000000005
1944,Philippines,31.37475
1945,Philippines,26.814
1946,Philippines,27.855
1947,Philippines,25.595
1948,Philippines,25.177
1949,Philippines,24.898
1950,Philippines,81.023
1951,Philippines,107.019
1952,Philippines,132.94
1953,Philippines,165.868
1954,Philippines,199.444
1955,Philippines,211.837
1956,Philippines,222.447
1957,Philippines,236.104
1958,Philippines,236.832
1959,Philippines,246.719
1960,Philippines,163.905
1961,Philippines,146.467
1962,Philippines,136.78
1963,Philippines,202.482
1964,Philippines,159.182
1965,Philippines,114.121
1966,Philippines,151.569
1967,Philippines,111.373
1968,Philippines,99.911
1969,Philippines,112.782
1970,Philippines,92.366
1971,Philippines,135.941
1972,Philippines,148.489
1973,Philippines,204.171
1974,Philippines,260.975
1975,Philippines,334.094
1976,Philippines,356.8
1977,Philippines,251.317
1978,Philippines,252.11
1979,Philippines,256.704
1980,Philippines,192.496
1981,Philippines,158.844
1982,Philippines,134.793
1983,Philippines,125.237
1984,Philippines,123.966
1985,Philippines,112.201
1986,Philippines,98.859
1987,Philippines,97.525
1988,Philippines,100.038
1989,Philippines,95.485
1990,Philippines,90.384
1991,Philippines,79.378
1992,Philippines,76.83
1993,Philippines,73.274
1994,Philippines,82.842
1995,Philippines,105.289
1996,Philippines,141.699
1997,Philippines,106.134
1998,Philippines,96.45
1999,Philippines,93.481
2000,Philippines,94.994
2001,Philippines,90.638
2002,Philippines,115.29
2003,Philippines,148.438
1950,Poland,70.337
1951,Poland,90.99
1952,Poland,106.293
1953,Poland,125.813
1954,Poland,140.752
1955,Poland,152.681
1956,Poland,168.406
1957,Poland,182.826
1958,Poland,180.211
1959,Poland,132.73
1960,Poland,145.741
1961,Poland,153.062
1962,Poland,162.098
1963,Poland,177.944
1964,Poland,187.405
1965,Poland,194.165
1966,Poland,198.575
1967,Poland,207.186
1968,Poland,222.121
1969,Poland,242.045
1970,Poland,254.186
1971,Poland,262.866
1972,Poland,280.944
1973,Poland,288.355
1974,Poland,301.59
1975,Poland,332.065
1976,Poland,356.898
1977,Poland,378.013
1978,Poland,391.738
1979,Poland,403.535
1980,Poland,425.226
1981,Poland,372.573
1982,Poland,386.479
1983,Poland,394.36
1984,Poland,403.609
1985,Poland,415.872
1986,Poland,424.926
1987,Poland,437.027
1988,Poland,418.655
1989,Poland,397.781
1990,Poland,352.879
1991,Poland,350.7
1992,Poland,342.741
1993,Poland,344.585
1994,Poland,343.586
1995,Poland,339.116
1996,Poland,355.996
1997,Poland,348.275
1998,Poland,325.121
1999,Poland,312.868
2000,Poland,289.561
2001,Poland,271.944
2002,Poland,254.788
2003,Poland,282.707
2004,Poland,273.243
2005,Poland,280.992
2006,Poland,281.833
2007,Poland,297.112
1930,Romania,61.969
1931,Romania,60.501
1932,Romania,59.442
1933,Romania,57.696
1934,Romania,60.593
1935,Romania,59.133
1936,Romania,59.801
1937,Romania,53.81
1938,Romania,51.249
1939,Romania,48.966
1940,Romania,47.162
1941,Romania,45.368
1942,Romania,46.013
1943,Romania,44.821
1944,Romania,37.129
1945,Romania,40.83
1946,Romania,39.493
1947,Romania,37.626
1948,Romania,44.285
1949,Romania,44.025
1950,Romania,55.397
1951,Romania,60.631
1952,Romania,66.801
1953,Romania,71.314
1954,Romania,75.492
1955,Romania,80.088
1956,Romania,84.666
1957,Romania,90.206
1958,Romania,92.768
1959,Romania,91.592
1960,Romania,92.611
1961,Romania,97.557
1962,Romania,99.256
1963,Romania,101.398
1964,Romania,104.3
1965,Romania,109.91
1966,Romania,111.429
1967,Romania,129.984
1968,Romania,127.394
1969,Romania,133.991
1970,Romania,140.943
1971,Romania,145.244
1972,Romania,148.478
1973,Romania,162.906
1974,Romania,168.177
1975,Romania,178.069
1976,Romania,189.17
1977,Romania,191.435
1978,Romania,205.192
1979,Romania,205.887
1980,Romania,204.879
1981,Romania,207.692
1982,Romania,206.649
1983,Romania,211.445
1984,Romania,202.633
1985,Romania,206.907
1986,Romania,218.183
1987,Romania,225.607
1988,Romania,210.757
1989,Romania,212.486
1990,Romania,177.425
1991,Romania,139.754
1992,Romania,129.269
1993,Romania,119.015
1994,Romania,121.098
1995,Romania,123.62
1996,Romania,129.114
1997,Romania,115.397
1998,Romania,106.512
1999,Romania,94.211
2000,Romania,92.559
2001,Romania,99.131
2002,Romania,102.199
2003,Romania,91.553
1952,Russia,890.461
1953,Russia,1010.362
1954,Russia,1117.661
1955,Russia,1275.858
1956,Russia,1407.489
1957,Russia,1520.722
1958,Russia,1613.484
1959,Russia,2168.48
1960,Russia,1724.478
1961,Russia,1800.839
1962,Russia,1482.206
1963,Russia,1506.725
1964,Russia,1553.272
1965,Russia,1573.089
1966,Russia,1626.557
1967,Russia,1664.469
1968,Russia,1722.063
1969,Russia,1751.151
1970,Russia,2001.28
1971,Russia,1927.967
1972,Russia,1999.459
1973,Russia,2096.449
1974,Russia,2126.885
1975,Russia,2214.317
1976,Russia,2290.843
1977,Russia,2339.011
1978,Russia,2382.933
1979,Russia,2403.787
1980,Russia,2625.371
1981,Russia,2472.928
1982,Russia,2512.231
1983,Russia,2536.981
1984,Russia,2545.467
1985,Russia,2687.959
1986,Russia,2689.626
1987,Russia,2696.251
1988,Russia,2761.134
1989,Russia,2731.104
1990,Russia,2872.005
1991,Russia,2696.628
1992,Russia,2130.536
1993,Russia,1993.964
1994,Russia,1729.11
1995,Russia,1631.962
1996,Russia,2027.621
1997,Russia,1522.874
1998,Russia,1486.282
1999,Russia,1528.844
2000,Russia,1461.906
2001,Russia,1476.142
2002,Russia,1444.95
2003,Russia,1502.014
2004,Russia,1504.363
2005,Russia,1542.98
2006,Russia,1645.698
2007,Russia,1685.478
1961,Saudi Arabia,4.109
1962,Saudi Arabia,6.981
1963,Saudi Arabia,7.992
1964,Saudi Arabia,8.057
1965,Saudi Arabia,5.291
1966,Saudi Arabia,7.48
1967,Saudi Arabia,27.095
1968,Saudi Arabia,31.062
1969,Saudi Arabia,37.322
1970,Saudi Arabia,47.476
1971,Saudi Arabia,62.219
1972,Saudi Arabia,73.015
1973,Saudi Arabia,98.414
1974,Saudi Arabia,101.679
1975,Saudi Arabia,86.697
1976,Saudi Arabia,104.82
1977,Saudi Arabia,121.373
1978,Saudi Arabia,118.352
1979,Saudi Arabia,141.373
1980,Saudi Arabia,172.587
1981,Saudi Arabia,178.783
1982,Saudi Arabia,165.502
1983,Saudi Arabia,169.122
1984,Saudi Arabia,165.674
1985,Saudi Arabia,182.288
1986,Saudi Arabia,215.743
1987,Saudi Arabia,200.873
1988,Saudi Arabia,212.778
1989,Saudi Arabia,215.346
1990,Saudi Arabia,220.591
1991,Saudi Arabia,297.466
1992,Saudi Arabia,322.719
1993,Saudi Arabia,344.839
1994,Saudi Arabia,336.683
1995,Saudi Arabia,270.367
1996,Saudi Arabia,265.065
1997,Saudi Arabia,223.118
1998,Saudi Arabia,214.437
1999,Saudi Arabia,232.673
2000,Saudi Arabia,303.579
2001,Saudi Arabia,303.861
2002,Saudi Arabia,334.209
2003,Saudi Arabia,334.596
2004,Saudi Arabia,401.695
2005,Saudi Arabia,402.806
2006,Saudi Arabia,439.565
2007,Saudi Arabia,393.381
2008,Saudi Arabia,438.398
2009,Saudi Arabia,471.411
1952,South Africa,158.597
1953,South Africa,161.714
1954,South Africa,165.669
1955,South Africa,175.918
1956,South Africa,184.174
1957,South Africa,192.529
1958,South Africa,204.104
1959,South Africa,205.604
1960,South Africa,222.493
1961,South Africa,193.573
1962,South Africa,184.176
1963,South Africa,180.68
1964,South Africa,185.357
1965,South Africa,192.262
1966,South Africa,201.506
1967,South Africa,212.771
1968,South Africa,219.519
1969,South Africa,225.663
1970,South Africa,232.869
1971,South Africa,251.232
1972,South Africa,253.395
1973,South Africa,253.425
1974,South Africa,255.221
1975,South Africa,261.766
1976,South Africa,263.264
1977,South Africa,264.964
1978,South Africa,262.313
1979,South Africa,275.548
1980,South Africa,284.363
1981,South Africa,313.119
1982,South Africa,337.224
1983,South Africa,350.165
1984,South Africa,371.965
1985,South Africa,398.112
1986,South Africa,395.582
1987,South Africa,397.728
1988,South Africa,417.086
1989,South Africa,418.128
1990,South Africa,390.362
1991,South Africa,412.998
1992,South Africa,392.451
1993,South Africa,398.836
1994,South Africa,413.732
1995,South Africa,441.838
1996,South Africa,439.374
1997,South Africa,455.938
1998,South Africa,445.786
1999,South Africa,442.181
2000,South Africa,435.951
2001,South Africa,425.77
2002,South Africa,402.598
2003,South Africa,444.78
2004,South Africa,487.494
2005,South Africa,446.782
2006,South Africa,481.128
2007,South Africa,507.194
1913,South Korea,7.112
1914,South Korea,8.153
1915,South Korea,9.121
1916,South Korea,9.911
1917,South Korea,10.8315
1918,South Korea,11.752
1919,South Korea,12.67
1920,South Korea,13.125
1921,South Korea,13.606
1922,South Korea,14.32
1923,South Korea,14.487
1924,South Korea,15.236
1925,South Korea,15.369
1926,South Korea,15.645
1927,South Korea,16.1
1928,South Korea,16.525
1929,South Korea,17.264
1930,South Korea,13.136
1931,South Korea,11.852
1932,South Korea,11.345
1933,South Korea,10.328
1934,South Korea,9.805
1935,South Korea,9.559
1936,South Korea,8.712
1937,South Korea,8.538
1938,South Korea,8.101
1939,South Korea,8.65
1940,South Korea,8.427
1941,South Korea,8.034
1942,South Korea,8.413
1943,South Korea,8.12
1944,South Korea,7.962
1945,South Korea,6.375
1946,South Korea,6.64
1947,South Korea,6.638
1948,South Korea,7.465
1949,South Korea,7.71
1950,South Korea,5.889
1951,South Korea,5.293
1952,South Korea,5.071
1953,South Korea,5.35
1954,South Korea,4.994
1955,South Korea,5.387
1956,South Korea,4.464
1957,South Korea,2.689
1958,South Korea,0.062
1959,South Korea,-7.639
1960,South Korea,-5.42
1961,South Korea,-3.932
1962,South Korea,2.122
1963,South Korea,16.853
1964,South Korea,21.897
1965,South Korea,21.459
1966,South Korea,25.459
1967,South Korea,29.924
1968,South Korea,31.232
1969,South Korea,35.871
1970,South Korea,46.603
1971,South Korea,50.867
1972,South Korea,53.222
1973,South Korea,65.718
1974,South Korea,69.012
1975,South Korea,75.058
1976,South Korea,86.468
1977,South Korea,99.014
1978,South Korea,106.905
1979,South Korea,127.067
1980,South Korea,128.816
1981,South Korea,133.859
1982,South Korea,135.34
1983,South Korea,143.509
1984,South Korea,155.827
1985,South Korea,163.718
1986,South Korea,172.04
1987,South Korea,181.204
1988,South Korea,206.965
1989,South Korea,219.225
1990,South Korea,246.122
1991,South Korea,271.039
1992,South Korea,295.965
1993,South Korea,325.823
1994,South Korea,350.457
1995,South Korea,377.225
1996,South Korea,414.345
1997,South Korea,438.421
1998,South Korea,372.239
1999,South Korea,407.679
2000,South Korea,434.682
1930,Spain,66.691
1931,Spain,65.478
1932,Spain,64.228
1933,Spain,61.934
1934,Spain,63.664
1935,Spain,66.166
1936,Spain,51.941
1937,Spain,49.406
1938,Spain,57.671
1939,Spain,60.338
1940,Spain,54.133
1941,Spain,48.53
1942,Spain,46.889
1943,Spain,45.387
1944,Spain,45.579
1945,Spain,46.697
1946,Spain,45.328
1947,Spain,47.45
1948,Spain,48.234
1949,Spain,50.708
1950,Spain,48.96
1951,Spain,49.307
1952,Spain,54.166
1953,Spain,56.032
1954,Spain,57.393
1955,Spain,58.542
1956,Spain,61.472
1957,Spain,70.791
1958,Spain,78.33
1959,Spain,91.658
1960,Spain,66.249
1961,Spain,71.444
1962,Spain,70.795
1963,Spain,60.3
1964,Spain,67.304
1965,Spain,62.89
1966,Spain,95.02
1967,Spain,87.235
1968,Spain,131.445
1969,Spain,102.972
1970,Spain,170.017
1971,Spain,149.574
1972,Spain,151.337
1973,Spain,154.677
1974,Spain,168.834
1975,Spain,171.992
1976,Spain,187.478
1977,Spain,184.298
1978,Spain,188.002
1979,Spain,190.686
1980,Spain,202.345
1981,Spain,195.341
1982,Spain,198.819
1983,Spain,193.437
1984,Spain,185.113
1985,Spain,188.917
1986,Spain,177.848
1987,Spain,178.549
1988,Spain,186.919
1989,Spain,212.181
1990,Spain,216.851
1991,Spain,223.756
1992,Spain,225.194
1993,Spain,215.71
1994,Spain,206.922
1995,Spain,261.774
1996,Spain,237.858
1997,Spain,230.739
1998,Spain,248.782
1999,Spain,275.158
2000,Spain,279.862
2001,Spain,284.642
2002,Spain,316.256
2003,Spain,321.936
1910,Sweden,45.24
1911,Sweden,45.018
1912,Sweden,46.271
1913,Sweden,48.11
1914,Sweden,47.142
1915,Sweden,47.142
1916,Sweden,47.976
1917,Sweden,38.894
1918,Sweden,40.073
1919,Sweden,39.601
1920,Sweden,42.516
1921,Sweden,38.161
1922,Sweden,41.996
1923,Sweden,44.197
1924,Sweden,46.407
1925,Sweden,44.844
1926,Sweden,44.315
1927,Sweden,49.202
1928,Sweden,47.534
1929,Sweden,50.5
1930,Sweden,49.374
1931,Sweden,48.894
1932,Sweden,48.384
1933,Sweden,48.717
1934,Sweden,50.68
1935,Sweden,51.28
1936,Sweden,53.099
1937,Sweden,56.567
1938,Sweden,53.473
1939,Sweden,56.081
1940,Sweden,46.024
1941,Sweden,42.608
1942,Sweden,40.477
1943,Sweden,43.271
1944,Sweden,39.566
1945,Sweden,31.372
1946,Sweden,43.747
1947,Sweden,51.148
1948,Sweden,57.585
1949,Sweden,57.773
1950,Sweden,61.534
1951,Sweden,66.943
1952,Sweden,68.171
1953,Sweden,66.176
1954,Sweden,67.558
1955,Sweden,71.655
1956,Sweden,74.968
1957,Sweden,69.365
1958,Sweden,71.204
1959,Sweden,70.031
1960,Sweden,79.65
1961,Sweden,72.575
1962,Sweden,69.557
1963,Sweden,70.754
1964,Sweden,72.73
1965,Sweden,73.312
1966,Sweden,81.674
1967,Sweden,75.919
1968,Sweden,84.525
1969,Sweden,91.881
1970,Sweden,97.585
1971,Sweden,88.977
1972,Sweden,87.752
1973,Sweden,90.656
1974,Sweden,82.66
1975,Sweden,83.35
1976,Sweden,89.791
1977,Sweden,86.747
1978,Sweden,79.57
1979,Sweden,84.767
1980,Sweden,70.925
1981,Sweden,68.42
1982,Sweden,61.033
1983,Sweden,56.972
1984,Sweden,55.376
1985,Sweden,60.128
1986,Sweden,59.837
1987,Sweden,57.462
1988,Sweden,55.076
1989,Sweden,53.715
1990,Sweden,54.849
1991,Sweden,55.027
1992,Sweden,55.85
1993,Sweden,55.964
1994,Sweden,58.233
1995,Sweden,61.111
1996,Sweden,62.953
1997,Sweden,58.578
1998,Sweden,59.566
1999,Sweden,56.427
1952,Tanzania,106.215
1953,Tanzania,107.015
1954,Tanzania,109.443
1955,Tanzania,114.044
1956,Tanzania,120.51
1957,Tanzania,123.547
1958,Tanzania,132.21
1959,Tanzania,137.28
1960,Tanzania,150.798
1961,Tanzania,107.808
1962,Tanzania,204.861
1963,Tanzania,157.769
1964,Tanzania,116.585
1965,Tanzania,90.346
1966,Tanzania,76.192
1967,Tanzania,68.049
1968,Tanzania,63.169
1969,Tanzania,173.495
1970,Tanzania,174.652
1971,Tanzania,123.714
1972,Tanzania,92.428
1973,Tanzania,77.482
1974,Tanzania,66.968
1975,Tanzania,57.964
1976,Tanzania,52.995
1977,Tanzania,159.585
1978,Tanzania,130.8
1979,Tanzania,88.728
1980,Tanzania,102.24
1981,Tanzania,76.029
1982,Tanzania,62.439
1983,Tanzania,53.644
1984,Tanzania,157.35
1985,Tanzania,128.495
1986,Tanzania,84.244
1987,Tanzania,67.959
1988,Tanzania,56.407
1989,Tanzania,48.147
1990,Tanzania,53.327
1991,Tanzania,37.066
1992,Tanzania,48.111
1993,Tanzania,51.009
1994,Tanzania,54.807
1995,Tanzania,63.533
1996,Tanzania,58.512
1997,Tanzania,61.18
1998,Tanzania,80.38
1999,Tanzania,64.454
2000,Tanzania,60.097
2001,Tanzania,56.146
2002,Tanzania,73.509
2003,Tanzania,148.581
2004,Tanzania,119.222
2005,Tanzania,88.56
2006,Tanzania,129.735
2007,Tanzania,221.162
1952,Thailand,229.787
1953,Thailand,237.744
1954,Thailand,239.465
1955,Thailand,248.588
1956,Thailand,262.627
1957,Thailand,265.953
1958,Thailand,275.443
1959,Thailand,249.246
1960,Thailand,167.362
1961,Thailand,222.743
1962,Thailand,310.027
1963,Thailand,266.888
1964,Thailand,251.066
1965,Thailand,252.159
1966,Thailand,247.961
1967,Thailand,243.53
1968,Thailand,234.62
1969,Thailand,258.72
1970,Thailand,219.56
1971,Thailand,425.296
1972,Thailand,544.729
1973,Thailand,574.743
1974,Thailand,440.845
1975,Thailand,371.685
1976,Thailand,378.033
1977,Thailand,369.888
1978,Thailand,345.111
1979,Thailand,302.07
1980,Thailand,330.253
1981,Thailand,349.4
1982,Thailand,261.708
1983,Thailand,233.361
1984,Thailand,334.295
1985,Thailand,286.353
1986,Thailand,334.793
1987,Thailand,255.137
1988,Thailand,199.305
1989,Thailand,187.76
1990,Thailand,211.996
1991,Thailand,176.961
1992,Thailand,166.901
1993,Thailand,170.461
1994,Thailand,213.789
1995,Thailand,193.16
1996,Thailand,190.086
1997,Thailand,182.082
1998,Thailand,161.587
1999,Thailand,161.698
2000,Thailand,170.666
2001,Thailand,170.022
2002,Thailand,179.873
2003,Thailand,196.713
2004,Thailand,229.26
2005,Thailand,253.415
2006,Thailand,265.662
2007,Thailand,322.32
1930,Turkey,74.46
1931,Turkey,82.142
1932,Turkey,87.432
1933,Turkey,92.287
1934,Turkey,96.911
1935,Turkey,100.097
1936,Turkey,102.681
1937,Turkey,103.39
1938,Turkey,105.843
1939,Turkey,107.978
1940,Turkey,99.996
1941,Turkey,97.416
1942,Turkey,95.302
1943,Turkey,95.466
1944,Turkey,95.626
1945,Turkey,95.097
1946,Turkey,94.537
1947,Turkey,94.58
1948,Turkey,94.458
1949,Turkey,94.451
1950,Turkey,119.441
1951,Turkey,131.294
1952,Turkey,137.528
1953,Turkey,149.766
1954,Turkey,151.1
1955,Turkey,153.547
1956,Turkey,156.024
1957,Turkey,158.389
1958,Turkey,155.749
1959,Turkey,150.694
1960,Turkey,104.989
1961,Turkey,100.883
1962,Turkey,154.312
1963,Turkey,106.853
1964,Turkey,96.945
1965,Turkey,106.555
1966,Turkey,88.783
1967,Turkey,111.88
1968,Turkey,191.786
1969,Turkey,122.11
1970,Turkey,124.9
1971,Turkey,161.585
1972,Turkey,133.522
1973,Turkey,114.479
1974,Turkey,101.009
1975,Turkey,102.895
1976,Turkey,122.482
1977,Turkey,125.233
1978,Turkey,178.843
1979,Turkey,127.514
1980,Turkey,118.914
1981,Turkey,85.278
1982,Turkey,81.152
1983,Turkey,154.442
1984,Turkey,140.475
1985,Turkey,136.028
1986,Turkey,184.87
1987,Turkey,161.057
1988,Turkey,171.068
1989,Turkey,160.766
1990,Turkey,179.495
1991,Turkey,173.148
1992,Turkey,176.412
1993,Turkey,200.157
1994,Turkey,174.841
1995,Turkey,180.269
1996,Turkey,195.112
1997,Turkey,229.988
1998,Turkey,225.1
1999,Turkey,206.157
2000,Turkey,239.591
2001,Turkey,233.842
2002,Turkey,215.988
2003,Turkey,276.248
1982,Ukraine,693.323
1983,Ukraine,700.668
1984,Ukraine,707.419
1985,Ukraine,761.473
1986,Ukraine,758.786
1987,Ukraine,747.779
1988,Ukraine,735.57
1989,Ukraine,688.886
1990,Ukraine,712.976
1991,Ukraine,651.907
1992,Ukraine,600.134
1993,Ukraine,517.871
1994,Ukraine,431.785
1995,Ukraine,395.485
1996,Ukraine,354.168
1997,Ukraine,337.774
1998,Ukraine,321.052
1999,Ukraine,315.569
2000,Ukraine,299.244
2001,Ukraine,308.743
2002,Ukraine,297.882
2003,Ukraine,310.522
2004,Ukraine,309.336
2005,Ukraine,313.36
2006,Ukraine,331.337
2007,Ukraine,338.339
2008,Ukraine,325.71
2009,Ukraine,289.361
2010,Ukraine,298.97
2011,Ukraine,311.336
2012,Ukraine,324.242
2013,Ukraine,307.288
1930,United Kingdom,450.086
1931,United Kingdom,420.836
1932,United Kingdom,405.786
1933,United Kingdom,404.171
1934,United Kingdom,435.121
1935,United Kingdom,440.616
1936,United Kingdom,465.019
1937,United Kingdom,480.337
1938,United Kingdom,462.985
1939,United Kingdom,465.775
1940,United Kingdom,490.679
1941,United Kingdom,486.632
1942,United Kingdom,486.916
1943,United Kingdom,474.571
1944,United Kingdom,462.664
1945,United Kingdom,438.642
1946,United Kingdom,457.16
1947,United Kingdom,483.845
1948,United Kingdom,498.906
1949,United Kingdom,509.812
1950,United Kingdom,521.183
1951,United Kingdom,564.851
1952,United Kingdom,549.46
1953,United Kingdom,561.595
1954,United Kingdom,573.859
1955,United Kingdom,599.708
1956,United Kingdom,597.401
1957,United Kingdom,595.056
1958,United Kingdom,580.146
1959,United Kingdom,573.955
1960,United Kingdom,605.803
1961,United Kingdom,610.58
1962,United Kingdom,613.717
1963,United Kingdom,623.281
1964,United Kingdom,625.819
1965,United Kingdom,638.309
1966,United Kingdom,634.161
1967,United Kingdom,605.902
1968,United Kingdom,618.603
1969,United Kingdom,632.356
1970,United Kingdom,657.872
1971,United Kingdom,664.933
1972,United Kingdom,651.887
1973,United Kingdom,663.098
1974,United Kingdom,620.365
1975,United Kingdom,606.65
1976,United Kingdom,601.914
1977,United Kingdom,607.614
1978,United Kingdom,608.147
1979,United Kingdom,650.294
1980,United Kingdom,581.604
1981,United Kingdom,562.896
1982,United Kingdom,549.94
1983,United Kingdom,548.333
1984,United Kingdom,534.134
1985,United Kingdom,562.216
1986,United Kingdom,571.388
1987,United Kingdom,593.359
1988,United Kingdom,578.634
1989,United Kingdom,587.046
1990,United Kingdom,605.843
1991,United Kingdom,611.95
1992,United Kingdom,584.43
1993,United Kingdom,571.504
1994,United Kingdom,570.041
1995,United Kingdom,573.416
1996,United Kingdom,600.16
1997,United Kingdom,568.993
1998,United Kingdom,563.562
1999,United Kingdom,556.0
2000,United Kingdom,569.675
2001,United Kingdom,577.789
2002,United Kingdom,562.007
2003,United Kingdom,575.938
1853,United States,971.76
1854,United States,1004.408
1855,United States,1023.265
1856,United States,1042.733
1857,United States,1070.224
1858,United States,1098.85
1859,United States,1132.343
1860,United States,1015.116
1861,United States,927.916
1862,United States,919.445
1863,United States,917.276
1864,United States,893.843
1865,United States,861.701
1866,United States,845.57
1867,United States,858.031
1868,United States,852.482
1869,United States,838.593
1870,United States,1198.156
1871,United States,1340.929
1872,United States,1443.758
1873,United States,1541.138
1874,United States,1602.896
1875,United States,1651.072
1876,United States,1691.204
1877,United States,1761.352
1878,United States,1807.985
1879,United States,1893.101
1880,United States,1745.824
1881,United States,1668.703
1882,United States,1689.785
1883,United States,1715.883
1884,United States,1707.659
1885,United States,1692.185
1886,United States,1704.136
1887,United States,1737.821
1888,United States,1790.405
1889,United States,1730.221
1890,United States,1886.325
1891,United States,1933.206
1892,United States,1951.903
1893,United States,1988.731
1894,United States,1964.025
1895,United States,2015.059
1896,United States,2030.701
1897,United States,2066.667
1898,United States,2133.812
1899,United States,2236.472
1900,United States,2190.773
1901,United States,2208.897
1902,United States,2250.059
1903,United States,2354.861
1904,United States,2357.567
1905,United States,2446.11
1906,United States,2479.635
1907,United States,2651.591
1908,United States,2499.594
1909,United States,2620.913
1910,United States,2649.202
1911,United States,2609.331
1912,United States,2629.425
1913,United States,2722.836
1914,United States,2602.853
1915,United States,2624.69
1916,United States,2753.896
1917,United States,2899.388
1918,United States,2980.823
1919,United States,2690.89
1920,United States,2954.055
1921,United States,2650.184
1922,United States,2636.623
1923,United States,3069.861
1924,United States,2843.527
1925,United States,2902.802
1926,United States,3010.033
1927,United States,2935.377
1928,United States,2876.566
1929,United States,2982.16
1930,United States,2647.641
1931,United States,2339.375
1932,United States,2046.045
1933,United States,2090.894
1934,United States,2151.731
1935,United States,2155.003
1936,United States,2351.392
1937,United States,2385.254
1938,United States,2082.91
1939,United States,2205.573
1940,United States,2481.092
1941,United States,2674.18
1942,United States,2836.945
1943,United States,2914.319
1944,United States,3097.376
1945,United States,3009.991
1946,United States,2910.192
1947,United States,3134.43
1948,United States,3229.572
1949,United States,2763.12
1950,United States,3023.321
1951,United States,3040.279
1952,United States,2921.367
1953,United States,2958.457
1954,United States,2831.356
1955,United States,3055.012
1956,United States,3173.597
1957,United States,3129.461
1958,United States,3016.821
1959,United States,3025.89
1960,United States,3087.808
1961,United States,2956.315
1962,United States,3218.77
1963,United States,3235.751
1964,United States,3345.26
1965,United States,3449.695
1966,United States,3608.353
1967,United States,4189.462
1968,United States,4636.437
1969,United States,4478.225
1970,United States,4665.37
1971,United States,4635.393
1972,United States,4804.392
1973,United States,4981.188
1974,United States,4820.514
1975,United States,4664.181
1976,United States,4943.641
1977,United States,5219.181
1978,United States,5194.11
1979,United States,5245.108
1980,United States,5074.268
1981,United States,4948.572
1982,United States,4701.235
1983,United States,4696.807
1984,United States,4938.476
1985,United States,4939.153
1986,United States,4889.368
1987,United States,5080.78
1988,United States,5323.164
1982,Uzbekistan,90.547
1983,Uzbekistan,91.503
1984,Uzbekistan,92.47
1985,Uzbekistan,99.755
1986,Uzbekistan,95.974
1987,Uzbekistan,97.811
1988,Uzbekistan,100.231
1989,Uzbekistan,103.228
1990,Uzbekistan,103.205
1991,Uzbekistan,103.072
1992,Uzbekistan,111.342
1993,Uzbekistan,115.618
1994,Uzbekistan,109.865
1995,Uzbekistan,105.017
1996,Uzbekistan,108.126
1997,Uzbekistan,108.789
1998,Uzbekistan,120.758
1999,Uzbekistan,123.351
2000,Uzbekistan,123.256
2001,Uzbekistan,126.102
2002,Uzbekistan,131.617
2003,Uzbekistan,128.729
2004,Uzbekistan,127.102
2005,Uzbekistan,119.204
2006,Uzbekistan,122.196
2007,Uzbekistan,120.836
2008,Uzbekistan,125.21
2009,Uzbekistan,105.817
2010,Uzbekistan,103.931
2011,Uzbekistan,113.142
2012,Uzbekistan,114.823
2013,Uzbekistan,108.866
1906,Venezuela,4.106999999999999
1907,Venezuela,3.754
1908,Venezuela,3.401
1909,Venezuela,3.3213999999999997
1910,Venezuela,3.2418
1911,Venezuela,3.1622
1912,Venezuela,3.0826
1913,Venezuela,3.003
1914,Venezuela,3.456
1915,Venezuela,2.966
1916,Venezuela,2.137
1917,Venezuela,3.65
1918,Venezuela,2.413
1919,Venezuela,1.489
1920,Venezuela,15.284
1921,Venezuela,26.004
1922,Venezuela,33.418
1923,Venezuela,35.672
1924,Venezuela,38.632
1925,Venezuela,40.629
1926,Venezuela,44.109
1927,Venezuela,41.763
1928,Venezuela,44.573
1929,Venezuela,46.761
1930,Venezuela,45.028
1931,Venezuela,42.712
1932,Venezuela,45.164
1933,Venezuela,44.304
1934,Venezuela,46.579
1935,Venezuela,46.983
1936,Venezuela,46.538
1937,Venezuela,52.373
1938,Venezuela,48.849
1939,Venezuela,50.408
1940,Venezuela,71.916
1941,Venezuela,80.759
1942,Venezuela,84.618
1943,Venezuela,85.733
1944,Venezuela,94.489
1945,Venezuela,96.885
1946,Venezuela,163.598
1947,Venezuela,101.916
1948,Venezuela,109.861
1949,Venezuela,114.043
1950,Venezuela,142.718
1951,Venezuela,171.638
1952,Venezuela,186.541
1953,Venezuela,192.837
1954,Venezuela,207.284
1955,Venezuela,223.743
1956,Venezuela,230.377
1957,Venezuela,239.555
1958,Venezuela,230.146
1959,Venezuela,240.457
1960,Venezuela,243.562
1961,Venezuela,183.179
1962,Venezuela,147.017
1963,Venezuela,132.414
1964,Venezuela,121.835
1965,Venezuela,111.728
1966,Venezuela,103.515
1967,Venezuela,106.379
1968,Venezuela,103.934
1969,Venezuela,102.135
1970,Venezuela,112.218
1971,Venezuela,90.25
1972,Venezuela,94.507
1973,Venezuela,97.457
1974,Venezuela,103.767
1975,Venezuela,99.234
1976,Venezuela,104.604
1977,Venezuela,102.703
1978,Venezuela,106.733
1979,Venezuela,109.695
1980,Venezuela,109.09
1981,Venezuela,117.917
1982,Venezuela,111.479
1983,Venezuela,115.549
1984,Venezuela,149.484
1985,Venezuela,163.424
1986,Venezuela,159.076
1987,Venezuela,147.281
1988,Venezuela,132.42
1989,Venezuela,125.02
1990,Venezuela,136.607
1991,Venezuela,118.386
1992,Venezuela,109.289
1993,Venezuela,129.412
1994,Venezuela,130.298
1995,Venezuela,133.948
1996,Venezuela,129.474
1997,Venezuela,146.22
1998,Venezuela,188.385
1952,Vietnam,49.309
1953,Vietnam,62.38
1954,Vietnam,76.766
1955,Vietnam,88.983
1956,Vietnam,98.675
1957,Vietnam,108.317
1958,Vietnam,119.536
1959,Vietnam,142.196
1960,Vietnam,91.124
1961,Vietnam,73.615
1962,Vietnam,66.016
1963,Vietnam,60.45
1964,Vietnam,59.508
1965,Vietnam,57.559
1966,Vietnam,66.188
1967,Vietnam,69.485
1968,Vietnam,67.659
1969,Vietnam,74.516
1970,Vietnam,68.749
1971,Vietnam,67.692
1972,Vietnam,69.553
1973,Vietnam,71.631
1974,Vietnam,60.308
1975,Vietnam,108.397
1976,Vietnam,91.376
1977,Vietnam,77.373
1978,Vietnam,68.382
1979,Vietnam,64.595
1980,Vietnam,64.335
1981,Vietnam,62.735
1982,Vietnam,64.079
1983,Vietnam,62.632
1984,Vietnam,54.429
1985,Vietnam,58.616
1986,Vietnam,60.179
1987,Vietnam,65.508
1988,Vietnam,65.029
1989,Vietnam,57.177
1990,Vietnam,64.908
1991,Vietnam,120.632
1992,Vietnam,96.222
1993,Vietnam,89.604
1994,Vietnam,82.915
1995,Vietnam,180.737
1996,Vietnam,160.803
1997,Vietnam,173.088
1998,Vietnam,214.934
1999,Vietnam,236.437
2000,Vietnam,323.252
2001,Vietnam,215.453
2002,Vietnam,197.724
2003,Vietnam,227.212
2004,Vietnam,246.341
2005,Vietnam,206.696
2006,Vietnam,189.254
2007,Vietnam,216.61
